#{"t_start": 1766678415.1025152, "env_id": "None"}
r,l,t
-131.7565,55,0.181427
-116.17699,82,0.238585
-131.96315,100,0.282923
-136.1821,124,0.334549
-124.1936,56,0.36762
-121.32382,61,0.419506
-112.42503,58,0.465828
-119.82263,72,0.527386
-123.01448,54,0.546343
-114.23378,65,0.614731
-123.07679,54,0.666654
-115.5804,51,0.730128
-142.17123,248,0.746962
-117.81516,105,0.775539
-131.82816,57,0.805816
-114.15768,42,0.840158
-122.740776,54,0.914222
-119.27339,54,0.946213
-113.68668,57,0.988003
-116.42523,50,1.061845
-118.56941,61,1.062146
-114.90456,49,1.102582
-128.38364,59,1.191265
-164.1768,186,1.19156
-118.58912,50,1.213842
-115.88139,71,1.231131
-119.75492,49,1.309729
-114.60441,53,1.349212
-114.825264,62,1.364158
-117.53211,48,1.425339
-115.709404,50,1.468269
-120.04913,57,1.499543
-127.062584,149,1.552364
-125.33007,55,1.566159
-122.300095,53,1.603142
-114.42718,51,1.62775
-118.083885,50,1.682344
-121.62881,60,1.701386
-117.00196,46,1.718512
-115.00327,56,1.76319
-121.90711,50,1.807356
-116.07249,52,1.842001
-128.57835,74,1.883212
-114.637474,51,1.89202
-125.836235,56,1.959456
-113.65858,57,2.000425
-118.816666,51,2.030044
-130.14902,75,2.082184
-121.196236,54,2.125635
-131.50728,93,2.18191
-112.61651,69,2.195026
-119.465614,60,2.227757
-120.06553,52,2.25769
-122.25655,46,2.301232
-114.553635,71,2.367222
-115.50919,57,2.397606
-120.81907,74,2.417484
-115.31788,52,2.495291
-115.61697,50,2.521155
-129.9128,75,2.591226
-115.338394,57,2.631987
-120.61157,50,2.642997
-162.34184,172,2.712804
-115.20712,53,2.755089
-114.065186,56,2.77188
-126.09588,108,2.838243
-112.997116,59,2.885677
-113.89111,57,2.899706
-121.50259,110,2.968522
-115.35334,48,3.019686
-113.71355,56,3.036964
-126.73815,57,3.111759
-121.02616,50,3.140535
-115.85517,65,3.189686
-115.500435,75,3.306551
-116.05243,65,3.33598
-117.920494,50,3.427008
-156.08327,248,3.437331
-114.54393,60,3.486861
-163.69301,173,3.528426
-113.24907,58,3.578119
-116.776695,54,3.622153
-114.91286,86,3.654816
-127.09036,60,3.681914
-117.19365,51,3.712915
-115.47137,59,3.770064
-119.89255,59,3.802982
-127.92532,61,3.83284
-113.9743,57,3.857605
-118.866356,60,3.919213
-121.10278,56,3.945959
-112.93694,57,3.996947
-115.944305,56,4.064417
-124.543396,102,4.094767
-122.16383,51,4.12937
-112.8044,104,4.203518
-119.12329,48,4.21435
-121.62484,63,4.231626
-120.231766,49,4.262256
-128.17673,61,4.365831
-121.80603,63,4.386203
-120.67598,70,4.395072
-119.12364,58,4.413132
-129.30615,59,4.518313
-114.085396,56,4.542409
-112.9944,63,4.55133
-119.09608,66,4.566775
-119.08249,53,4.669303
-115.02835,61,4.69465
-121.016716,71,4.732048
-116.97474,47,4.784116
-125.01029,125,4.824486
-118.0231,63,4.84939
-119.09402,49,4.902462
-127.69923,60,4.967685
-114.52641,53,4.979087
-128.6042,117,5.019837
-120.44712,49,5.038674
-123.108986,45,6.118336
-144.73672,101,6.226857
-122.913864,139,6.343546
-123.38818,82,6.372678
-117.23123,48,6.489393
-123.23299,76,6.588591
-119.96816,48,6.626364
-150.83995,151,6.670743
-118.71847,49,6.76588
-124.09891,63,6.777451
-120.61012,49,6.906923
-151.94394,329,6.944695
-124.92483,66,6.974638
-148.18784,135,7.058212
-121.30212,46,7.079778
-129.91278,64,7.107367
-128.26205,61,7.156713
-125.89748,55,7.253822
-119.711075,49,7.263116
-118.1965,51,7.404606
-130.94966,57,7.425954
-119.52775,47,7.537998
-152.39774,161,7.55033
-129.59872,55,7.587741
-145.8363,154,7.622088
-119.17125,48,7.69234
-119.22121,47,7.820623
-128.28076,109,7.89126
-149.50558,122,7.904582
-118.63313,51,7.960971
-120.36115,41,8.015542
-117.57254,85,8.134355
-119.24819,64,8.142752
-143.83975,231,8.253617
-117.94517,66,8.317089
-127.21739,61,8.435943
-118.85808,53,8.483358
-125.60862,183,8.538513
-155.09573,166,8.616283
-128.4368,63,8.630046
-118.66353,51,8.642513
-118.064804,51,8.795322
-127.21012,61,8.824173
-115.94507,129,8.92716
-134.84995,65,8.989027
-149.05688,123,8.999515
-127.75041,63,9.015407
-118.678856,54,9.140138
-126.925735,60,9.173606
-126.53787,56,9.281478
-125.65012,140,9.311672
-126.89622,60,9.336547
-119.18912,53,9.431136
-159.42471,189,9.494584
-120.87509,50,9.546551
-112.64511,131,9.630009
-120.48659,50,9.662079
-124.70964,72,9.662396
-129.34541,154,9.702296
-129.91968,71,9.790572
-119.67343,61,9.804136
-126.27757,60,9.842876
-120.008736,59,9.936215
-157.07635,142,9.985588
-122.44002,78,10.018876
-109.98014,110,10.054348
-119.79402,52,10.068979
-121.68537,50,10.169464
-114.3304,64,10.195605
-123.81875,83,10.216388
-123.27631,53,10.311225
-124.98104,59,10.358632
-121.68443,50,10.41899
-157.13596,187,10.434786
-125.48733,59,10.496128
-121.70026,50,10.540247
-116.52137,63,10.5785
-121.65113,50,10.650368
-125.768524,82,10.684204
-116.73634,218,10.714839
-119.46057,74,10.752935
-121.090004,50,10.778843
-121.92683,50,10.885709
-123.63056,92,10.90395
-138.29433,81,10.91386
-124.91016,82,10.952547
-121.22202,50,11.016198
-126.00123,61,11.054925
-121.8044,50,11.136519
-122.841644,103,11.161088
-127.62388,51,11.18856
-119.82966,59,11.287819
-154.6731,142,11.308404
-123.17805,101,11.403054
-122.278435,57,11.425552
-117.66257,98,11.425868
-118.94475,51,12.507588
-115.74393,71,12.542633
-122.043846,59,12.640349
-107.146416,138,12.70559
-124.30582,41,12.801298
-136.95523,244,12.835948
-144.67947,151,12.888262
-124.84778,41,12.905706
-120.90654,62,12.986653
-124.31143,41,13.006262
-126.620865,42,13.095986
-115.75486,59,13.125332
-124.177025,41,13.193993
-122.2754,69,13.286314
-124.12524,41,13.297732
-156.3254,191,13.352983
-117.02536,48,13.410258
-131.00241,46,13.41067
-126.51711,42,13.510447
-121.598595,63,13.561483
-124.540184,41,13.610493
-184.65802,417,13.64449
-126.32609,42,13.706837
-122.42687,67,13.724977
-123.94802,41,13.803211
-116.653435,47,13.832858
-120.45405,86,13.850227
-126.144135,42,13.908319
-161.3086,252,13.955384
-126.40583,42,14.008758
-125.07638,78,14.026005
-131.03479,46,14.12037
-126.416176,42,14.215013
-138.28276,108,14.279073
-126.44831,42,14.31711
-126.508644,42,14.422075
-126.51767,42,14.520423
-149.64441,254,14.561752
-139.72107,146,14.879314
-150.0346,188,14.961883
-143.10617,68,15.016212
-144.08478,69,15.099207
-141.36551,67,15.227867
-142.58559,69,15.360255
-146.50745,200,15.413078
-141.76906,68,15.541621
-142.48439,69,15.669641
-150.83995,228,15.802906
-143.02808,89,15.973329
-143.38411,69,16.107308
-126.71425,181,16.447499
-137.1967,66,16.57645
-301.3659,1862,18.053845
-119.11717,57,18.163348
-120.438194,55,18.267675
-239.86403,2000,18.318976
-134.06927,73,18.405972
-138.98962,74,18.46128
-131.40253,56,18.58514
-122.33043,51,18.710352
-123.67185,98,18.758325
-262.14352,1176,18.825705
-121.78418,49,18.834856
-130.82796,46,18.871068
-128.87186,44,18.963483
-128.88753,44,19.061959
-128.89291,44,19.155471
-123.76236,165,19.218027
-129.75171,45,19.297469
-122.21221,63,19.389779
-128.88799,44,19.416405
-120.94264,48,19.517771
-128.91321,44,19.535418
-128.88338,44,19.658121
-121.805016,66,19.709673
-236.30536,2000,19.734005
-128.87852,44,19.79617
-130.83908,46,19.92669
-122.154076,78,19.952797
-128.89317,44,20.053742
-121.283585,66,20.129764
-130.96393,46,20.180426
-132.18018,179,20.247348
-129.54225,45,20.309498
-123.64797,67,20.330075
-128.59943,44,20.445934
-119.64834,63,20.514167
-128.62305,44,20.571076
-128.73105,115,20.592535
-120.93544,49,20.654028
-128.57817,44,20.702518
-130.21428,56,20.752343
-129.66502,45,20.828371
-123.61162,68,20.85283
-131.109,57,20.914905
-129.24306,44,20.96242
-122.60134,67,21.049867
-128.84285,44,21.092351
-122.85054,75,21.138278
-128.93112,44,21.213627
-132.354,58,21.30656
-121.05193,99,21.34181
-129.75717,45,21.360306
-128.91014,44,21.483111
-129.7836,70,21.547786
-130.84267,46,21.6165
-131.58324,47,22.886337
-128.91519,154,22.898317
-142.30281,107,22.974706
-119.19198,63,23.040883
-137.31744,85,23.085935
-122.526665,80,23.210399
-138.44806,135,23.272566
-128.31273,115,23.334762
-121.332,64,23.361554
-119.10838,66,23.504942
-150.50665,116,23.589816
-121.18891,61,23.635596
-145.96616,170,23.652528
-123.557,69,23.799781
-143.17093,122,23.873352
-121.2715,66,23.945658
-139.36255,192,24.079663
-142.10098,114,24.124994
-132.72394,87,24.144376
-122.58133,65,24.282611
-134.13898,114,24.379472
-121.65305,68,24.437869
-122.612686,65,24.579847
-154.24397,228,24.595835
-136.2659,110,24.633427
-122.56447,65,24.729914
-129.91983,89,24.828807
-121.522766,68,24.882577
-121.39114,67,25.022753
-215.19801,2000,25.036298
-138.3905,99,25.05233
-147.2164,247,25.147635
-138.09535,53,25.163299
-122.93381,71,25.200425
-133.24866,95,25.271122
-120.32068,62,25.34526
-141.90338,110,25.411545
-121.5504,63,25.493282
-127.607994,95,25.503721
-145.6193,149,25.527186
-139.65942,96,25.64222
-120.67164,63,25.651349
-140.43315,85,25.729805
-120.61707,48,25.770747
-141.72151,110,25.783848
-116.08807,65,25.826883
-135.18852,76,25.922964
-134.2767,78,25.965021
-125.475716,83,26.0205
-125.2457,131,26.088274
-120.46405,61,26.153106
-143.97842,105,26.166579
-149.57037,126,26.253636
-123.10533,66,26.315212
-142.65915,110,26.352921
-143.25226,90,26.384067
-129.72775,84,26.458483
-124.57222,71,26.490923
-128.16147,63,26.598598
-144.11829,99,26.612356
-121.55056,63,26.636492
-128.88391,126,26.659552
-132.2915,69,26.771213
-120.7675,62,26.786255
-140.61969,92,26.844823
-135.40027,111,26.923062
-120.78836,62,26.942929
-120.87675,65,27.083675
-143.3855,116,27.181917
-160.75465,163,27.217538
-123.96631,65,27.239732
-121.19075,61,27.373202
-150.21089,104,27.458894
-140.1624,117,27.459177
-122.98166,66,27.528938
-154.7483,392,28.629849
-117.893425,117,28.669646
-126.96678,114,28.728153
-119.26742,49,28.743901
-119.66991,50,28.846462
-112.91092,85,28.860225
-131.55072,66,28.882161
-119.44895,48,28.965659
-125.48881,37,28.975329
-130.7301,74,29.041266
-117.81131,49,29.084064
-116.36051,85,29.161272
-118.78102,48,29.190781
-134.68486,76,29.213912
-116.97019,47,29.302162
-118.61454,102,29.407324
-118.08177,48,29.421632
-134.55186,87,29.430581
-125.9315,75,29.595832
-137.04544,91,29.635391
-120.4929,102,29.653144
-116.38421,42,29.697027
-117.57917,50,29.803466
-118.532425,109,29.884636
-144.40663,117,29.895492
-119.205414,53,29.923878
-131.51157,58,30.030687
-120.10963,48,30.043607
-135.1105,92,30.118262
-120.27389,48,30.157607
-115.664246,40,30.241009
-116.77088,105,30.275245
-116.54621,39,30.336031
-127.675026,123,30.399541
-117.281296,50,30.4486
-118.1429,49,30.556891
-133.22667,89,30.599559
-118.41693,48,30.660453
-119.24073,49,30.766566
-119.599976,49,30.871034
-141.38252,136,30.894886
-119.14131,49,30.990642
-116.76741,50,31.103581
-113.51312,61,31.232665
-114.48088,187,31.312927
-118.428734,49,31.34636
-116.0744,50,31.455059
-127.14219,75,31.493685
-114.86977,50,31.575044
-132.04643,76,31.659336
-116.45024,52,31.694938
-116.37174,52,31.817871
-133.04776,83,31.866374
-117.97295,51,31.941823
-134.94987,78,32.047474
-115.923615,50,32.068547
-122.62491,53,32.183389
-134.7721,79,32.23234
-117.458176,58,32.348583
-134.11739,79,32.463604
-116.99956,50,32.49636
-126.85867,61,32.636197
-117.667946,55,32.651464
-135.36526,137,33.090101
-150.64948,286,33.452852
-148.07236,291,33.474837
-145.67566,163,33.505122
-252.76732,2000,36.967575
-160.60574,260,37.435344
-256.89218,2000,37.488153
-253.71361,2000,37.502676
-253.2206,2000,37.562517
-146.7828,71,37.71432
-145.49432,127,37.751484
-136.69827,111,37.778144
-121.516304,47,37.878708
-150.57297,107,37.955564
-120.89052,41,37.976803
-127.76413,220,38.035785
-122.254425,41,38.072999
-130.82736,56,39.131718
-138.23474,129,39.217752
-130.47835,40,39.218047
-121.66572,63,39.3661
-122.5469,206,39.506606
-128.57281,73,39.538999
-120.18227,58,39.659586
-124.70894,118,39.766356
-149.1812,248,39.784895
-128.03706,69,39.824416
-129.35022,77,39.986964
-130.1684,82,40.16075
-147.58159,178,40.176252
-130.49582,40,40.266593
-131.1949,80,40.353232
-130.39346,40,40.369831
-131.54901,79,40.534191
-131.56151,79,40.709953
-140.83774,193,40.792558
-129.95653,77,40.876827
-132.57303,80,41.040525
-121.96482,51,41.146981
-153.99718,201,41.214902
-130.40416,40,41.304231
-133.91205,83,41.336293
-130.43703,78,41.521821
-127.9723,72,41.676631
-155.42532,184,41.732748
-130.3109,40,41.819368
-132.74687,82,41.867216
-130.49216,40,41.919239
-130.45827,40,42.016249
-132.72708,81,42.068527
-130.7533,77,42.233551
-128.02928,76,42.395373
-128.8128,69,42.552244
-160.51926,290,42.650617
-130.06454,77,42.714219
-130.41373,40,42.741661
-130.43013,40,42.832999
-132.69604,81,42.90097
-130.40605,40,42.926742
-130.59735,78,43.06997
-259.68088,2000,43.193341
-131.34447,79,43.245744
-134.18399,49,43.309896
-150.3078,184,43.334387
-133.15833,78,43.426309
-134.40015,53,43.44124
-135.0833,47,43.553694
-132.08742,80,43.621231
-134.52374,47,44.650682
-125.78947,81,44.785557
-124.17746,103,44.870707
-170.9635,284,44.963214
-133.26326,46,44.977195
-126.19759,106,45.033109
-132.47578,74,45.141892
-125.103584,83,45.17313
-121.70313,42,45.239211
-136.52011,96,45.2549
-253.13643,2000,45.263971
-122.454506,79,45.361248
-126.390175,57,45.383697
-121.44777,72,45.446886
-123.09557,42,45.501832
-121.72358,41,45.531634
-122.68987,58,45.627598
-121.66328,41,45.647167
-143.56084,138,45.664699
-122.744576,76,45.733885
-124.03822,45,45.783092
-119.78903,63,45.825488
-122.649666,42,45.902542
-123.09516,73,45.945482
-123.90123,52,46.0481
-128.78731,82,46.059948
-129.53134,45,46.0813
-122.36604,42,46.167774
-155.67789,202,46.233699
-122.63866,83,46.301923
-131.85864,92,46.322579
-121.631004,72,46.384457
-123.103165,77,46.535278
-132.47269,91,46.594556
-134.3231,87,46.635966
-127.29762,142,46.6617
-133.247,42,46.670865
-133.47537,79,46.809415
-123.36589,79,46.869329
-132.2414,87,46.869655
-121.24888,57,46.963375
-124.63456,114,46.971238
-122.720184,66,47.060779
-134.44867,87,47.121143
-129.14014,38,47.168983
-122.5707,50,47.260153
-126.19843,43,47.292759
-124.30597,116,47.310365
-155.89864,130,47.354451
-121.76205,41,47.396866
-126.55707,43,47.434106
-130.46175,69,47.510539
-121.80539,41,47.510905
-126.56446,43,47.551718
-132.7876,83,47.601531
-131.98311,82,47.755354
-123.34039,77,47.784713
-136.45398,92,47.793556
-133.83955,74,47.823335
-122.81666,41,47.884591
-126.32697,44,47.929055
-121.92567,56,47.996092
-122.4371,41,48.022791
-140.09024,93,48.086987
-124.13188,78,48.166349
-124.45658,80,48.234182
-123.6308,92,48.347414
-122.6956,73,48.377826
-141.44475,133,48.411072
-135.42313,69,48.445361
-132.41066,46,48.506765
-122.87592,53,48.552458
-122.47126,44,48.660531
-128.603,121,48.676445
-123.46922,78,48.716141
-128.94102,38,48.824085
-154.09555,166,48.883227
-134.40845,92,48.919889
-125.40809,110,48.976341
-122.907455,44,49.029467
-121.831436,83,49.038578
-133.96475,66,49.060397
-134.6412,64,49.178691
-125.57174,104,49.223896
-121.76397,82,49.233062
-123.39444,60,49.367108
-134.52586,90,49.399368
-150.20721,167,49.456753
-122.79559,93,49.457086
-128.7631,38,49.477854
-122.46479,50,49.53702
-121.667175,63,49.62727
-122.4133,44,49.641771
-131.41397,135,49.79538
-120.695274,86,49.84541
-134.46999,88,49.86587
-166.61102,222,49.993953
-123.412605,96,50.020749
-134.69576,90,50.067588
-125.083595,100,50.084644
-128.80995,38,51.136323
-133.8593,73,51.147522
-130.31296,76,51.178201
-140.99078,92,51.259082
-127.0202,59,51.285761
-124.30949,65,51.308957
-118.979645,43,51.404765
-147.23857,156,51.535705
-123.18611,65,51.553449
-128.28375,139,51.588037
-131.1641,41,51.673996
-122.99882,65,51.700907
-142.40128,97,51.770381
-131.81548,42,51.787398
-118.533806,42,51.815797
-131.15074,41,51.887579
-124.59437,66,51.967955
-122.5821,77,52.133076
-128.5736,140,52.197137
-118.81557,43,52.233718
-118.92253,44,52.328846
-127.409386,81,52.381131
-174.42064,299,52.456874
-126.66175,80,52.519117
-118.7512,43,52.610968
-123.652885,33,52.744356
-123.69714,36,52.757232
-121.63502,69,52.83259
-123.657906,33,52.832923
-121.72446,69,52.833028
-123.667274,33,52.904632
-123.65986,33,52.905104
-121.92413,72,52.968901
-135.61392,43,53.059064
-128.69238,87,53.0919
-126.22355,67,53.139831
-129.96542,80,53.274712
-127.13952,68,53.290617
-128.7089,152,53.418656
-157.6956,214,53.466022
-125.7295,78,53.477271
-129.00061,121,53.68547
-127.13003,114,53.720081
-131.15933,41,53.779501
-120.876854,47,53.835302
-167.8902,267,54.057235
-128.02304,138,54.094902
-131.29602,41,54.182613
-155.10121,166,54.202803
-140.02353,86,54.258177
-120.86837,47,54.312741
-127.01529,127,54.479019
-120.27936,88,54.517561
-131.26917,41,54.576335
-118.255394,44,54.617606
-131.81323,42,54.673755
-131.80453,42,54.764004
-164.12967,249,54.825254
-131.17517,41,54.865779
-131.86392,42,54.957772
-155.46619,171,55.009324
-131.16455,41,55.055531
-131.1865,41,55.148585
-125.443924,67,55.169734
-152.70232,170,55.2265
-116.14822,49,55.279624
-126.45056,123,55.41782
-131.1141,41,55.519205
-131.1283,41,55.613382
-156.20349,166,55.655651
-131.17049,41,55.712285
-116.54669,49,55.769381
-166.30742,251,55.802586
-131.27863,41,55.816105
-131.81621,42,55.915872
-131.236,41,56.004601
-148.24388,136,56.086684
-131.19302,41,56.101836
-147.56566,149,57.128575
-155.4776,113,57.354455
-149.57257,102,57.572158
-171.80522,313,57.729251
-145.74416,102,57.785259
-154.75768,107,58.015799
-154.27374,173,58.109241
-153.3804,107,58.256561
-162.68149,128,58.54671
-160.48624,224,58.631988
-218.05681,2000,58.805602
-153.2893,107,58.860508
-124.968704,102,58.930886
-132.97937,68,59.013981
-123.35895,81,59.166768
-154.57436,106,59.174354
-132.17656,67,59.206064
-147.67256,122,59.536204
-153.68805,106,59.836261
-166.20197,250,59.902056
-146.15147,118,60.174348
-159.0231,133,60.519243
-164.43121,252,60.581188
-152.21591,113,60.832985
-130.35922,149,60.990798
-151.99254,103,61.133341
-151.22798,107,61.426643
-158.4949,183,61.860152
-175.31244,346,61.890532
-151.59781,107,62.097449
-170.86604,2000,62.133062
-125.03223,123,62.177234
-124.28995,93,63.306133
-126.08838,78,63.315977
-151.45358,107,63.32706
-118.83799,45,63.414961
-127.33695,66,63.471932
-120.04428,69,63.48818
-122.352875,58,63.55555
-127.28076,64,63.62361
-120.503716,75,63.66325
-122.52955,53,63.687077
-122.46039,52,63.794843
-121.20101,79,63.80653
-121.7173,60,63.924544
-136.04518,124,63.939971
-129.30896,109,64.038978
-122.74939,53,64.047825
-119.67039,48,64.150946
-127.49842,63,64.186307
-123.936195,112,64.194827
-122.35725,54,64.283229
-127.322426,53,64.315984
-120.029106,71,64.365056
-123.18167,54,64.427418
-126.917404,61,64.47817
-134.32028,75,64.554157
-119.40684,57,64.569213
-121.11371,55,64.687541
-121.96879,92,64.687859
-130.04672,90,64.759599
-119.33077,55,64.812238
-128.09619,57,64.821777
-116.18293,49,64.918095
-133.47792,77,64.935174
-126.89515,101,65.035238
-123.83022,60,65.054604
-134.14691,98,65.145878
-122.48056,57,65.182922
-232.8356,2000,65.202261
-123.77223,100,65.277926
-124.11845,54,65.316966
-120.190315,70,65.325963
-133.71106,52,65.339986
-125.89594,60,65.429257
-125.44824,56,65.463756
-130.39331,61,65.491685
-129.04099,41,65.578892
-121.395,55,65.595562
-131.7036,121,65.623038
-126.04532,102,65.677506
-128.80666,41,65.688339
-121.88949,52,65.727268
-119.22743,49,65.749842
-128.77159,41,65.791012
-123.57776,61,65.866989
-126.38383,101,65.915183
-119.468735,58,65.994944
-136.86984,121,66.022488
-128.9175,120,66.063067
-121.92501,38,66.114305
-123.21227,53,66.131604
-125.29137,102,66.162384
-122.88869,53,66.24666
-127.79292,54,66.288361
-130.06822,83,66.320016
-119.27123,107,66.331999
-123.29381,53,66.390709
-128.5922,41,66.428721
-130.25716,71,66.473619
-134.59248,70,66.502117
-124.166855,56,66.538168
-134.03394,55,66.572726
-124.419495,37,66.65257
-120.16108,69,66.666316
-119.22432,61,66.685817
-122.23147,112,66.746642
-130.60184,52,66.785159
-119.24801,61,66.830688
-128.90292,41,66.886996
-121.267334,57,66.967939
-128.74464,41,66.989152
-118.678505,53,67.100959
-120.908485,49,67.194651
-120.21927,209,67.39948
-124.89254,215,67.801172
-119.52503,53,67.906893
-237.36731,2000,70.714248
-237.75885,2000,70.71458
-119.03355,55,70.81688
-238.71811,2000,70.903496
-120.96651,58,71.011633
-148.04395,161,71.020219
-130.5222,61,71.15999
-127.46708,76,71.318039
-127.7621,76,71.500751
-122.19203,102,71.744575
-241.51176,2000,71.758159
-178.6822,369,71.906221
-124.27282,55,71.919258
-127.33219,76,71.983923
-123.63771,53,72.086994
-127.48758,76,72.201987
-121.30422,52,72.235673
-133.7829,125,73.50909
-121.611824,46,73.58496
-144.06033,118,73.805361
-138.94054,161,73.852487
-122.31097,70,73.988404
-119.01575,190,74.067861
-151.43872,107,74.351112
-149.75128,138,74.360541
-146.38313,94,74.616697
-152.45625,168,74.808639
-139.27689,107,74.893107
-125.789635,76,74.98637
-147.311,137,75.270356
-142.01471,201,75.316294
-127.90461,65,75.412536
-147.935,129,75.589114
-130.29771,85,75.600673
-119.912285,60,75.73238
-128.34973,75,75.8848
-129.79797,139,75.89864
-127.12429,87,76.072753
-128.05722,63,76.206898
-160.30597,174,76.26751
-130.81145,87,76.390808
-120.920364,57,76.514407
-128.39717,103,76.7426
-243.95094,2000,76.773953
-154.59683,252,76.821828
-121.96115,64,76.893774
-129.06001,62,77.027267
-133.012,147,77.100345
-118.45489,51,77.147844
-118.62814,156,77.178683
-142.43323,121,77.413023
-119.880974,116,77.432404
-121.438576,58,77.542347
-141.56032,251,77.65478
-141.64465,125,77.707765
-129.09709,76,77.721586
-121.264595,51,77.824565
-130.24463,79,77.896601
-148.83559,149,78.009933
-118.86665,61,78.045413
-121.68629,108,78.085019
-118.316185,64,78.191716
-122.70598,53,79.297076
-128.93137,137,79.315344
-119.85279,146,79.400963
-244.36917,2000,79.428586
-129.02867,51,79.438984
-132.10037,45,79.536405
-127.9823,51,79.560958
-131.93665,45,79.641797
-132.06897,45,79.739972
-120.58955,105,79.798339
-132.0206,45,79.850948
-132.0455,45,79.948344
-128.91324,76,79.975175
-132.02005,45,80.060426
-132.13028,45,80.162074
-132.07118,45,80.267358
-156.55786,149,80.322563
-150.4962,411,80.366258
-132.14514,45,80.381725
-132.16022,45,80.487146
-131.95186,45,80.58534
-123.40644,143,80.651713
-132.00645,45,80.68676
-131.88916,45,80.786338
-132.00462,45,80.888502
-132.1272,45,80.986871
-147.24701,290,81.027337
-130.36572,188,81.081491
-132.11775,45,81.101115
-120.75759,41,81.178268
-132.06276,45,81.205794
-123.97522,48,81.289204
-131.90411,45,81.312525
-132.09764,45,81.412543
-122.98572,78,81.475271
-132.11052,45,81.525971
-132.01546,45,81.627319
-120.54554,79,81.663225
-132.05302,45,81.728643
-132.0545,45,81.831141
-142.206,111,81.914135
-132.17961,45,81.9407
-132.1252,45,82.034562
-131.99947,45,82.125658
-132.05835,45,82.218363
-141.64711,165,82.265494
-131.93779,45,82.314849
-176.42337,585,82.353866
-120.13239,45,82.369936
-131.95605,45,82.424566
-124.067184,44,82.472966
-132.07715,45,82.532908
-132.11072,45,82.634606
-125.70812,114,82.736768
-131.93243,45,82.74567
-132.1177,45,82.839386
-131.87352,45,82.942676
-138.70547,120,83.008569
-132.1746,45,83.047137
-120.3151,42,83.106012
-131.86687,328,83.118832
-131.99994,45,83.158752
-131.94344,45,83.256787
-137.0127,91,83.317106
-132.20872,45,83.359834
-131.99072,45,83.460951
-135.92159,89,83.52503
-132.0635,45,83.569712
-127.349174,52,83.639937
-132.11095,45,83.670711
-131.9284,45,83.766833
-132.14656,45,83.872247
-260.19385,2000,83.905873
-126.28568,39,84.934887
-125.7747,44,85.064755
-167.81055,462,85.19241
-159.41586,247,85.232902
-137.28778,158,85.586887
-252.80623,2000,90.060146
-253.86081,2000,90.060541
-251.68025,2000,90.060689
-254.25659,2000,90.060764
-133.47182,74,90.211285
-141.69199,127,90.308893
-143.41745,136,90.346692
-134.65492,84,90.51564
-153.66882,153,90.836801
-169.04413,288,90.962616
-156.9249,187,91.235082
-138.09196,132,91.251329
-122.55162,133,91.538105
-157.94374,222,91.70994
-168.2175,276,92.090984
-160.03085,190,92.48175
-136.13799,95,92.676798
-165.93561,274,93.228126
-144.10046,162,93.585409
-359.05914,1873,94.941181
-359.09387,1893,95.146977
-136.41043,129,95.22325
-123.3921,52,95.265233
-121.14487,51,95.388594
-126.34819,72,95.543102
-120.94626,49,95.654155
-126.57321,72,95.812191
-120.07523,58,95.943506
-127.2305,72,96.105929
-127.25141,72,96.266703
-125.23233,78,96.444568
-126.84046,72,96.603323
-121.72548,67,96.744453
-121.27871,50,96.850198
-228.54092,2000,96.944588
-127.173256,72,97.012971
-126.26577,55,97.065804
-123.798035,46,97.161543
-127.00667,72,97.171188
-122.39724,51,97.283778
-118.96178,81,97.346374
-122.59352,51,97.405841
-120.73595,59,97.547274
-150.60934,206,97.948547
-122.66437,69,98.154811
-124.51391,74,98.333788
-126.76203,72,98.524813
-122.674545,51,98.657899
-258.6623,2000,99.136311
-223.85117,2000,101.192086
-279.28436,1297,101.699033
-118.194855,47,101.799026
-119.5918,51,101.903281
-129.14044,85,102.078809
-122.95423,69,102.224088
-130.9679,80,102.393446
-130.10698,74,102.545683
-129.78043,78,102.71566
-132.15753,72,102.8624
-130.92531,65,102.995277
-130.48242,67,103.13959
-131.95604,72,103.299549
-129.71852,77,103.45596
-126.29336,49,103.639733
-132.93497,53,103.652275
-136.96062,56,103.664524
-125.30885,47,103.740455
-129.14702,48,103.827471
-132.95377,54,103.926
-250.7462,2000,107.137367
-250.54654,2000,107.237938
-254.8164,2000,107.26515
-124.74986,94,107.466594
-251.37334,2000,107.574201
-131.65271,74,107.625552
-157.5922,196,107.693854
-119.99795,72,107.793478
-119.787994,56,107.910455
-126.50745,72,108.062457
-169.27359,220,108.169954
-125.99748,79,108.232134
-122.637924,66,108.370823
-130.9789,70,108.526722
-129.9329,69,108.671919
-143.2244,261,108.735109
-133.24829,75,109.821211
-129.77264,63,109.864211
-119.293076,50,109.939764
-127.5837,126,110.12229
-250.31366,954,110.190358
-138.8765,168,110.279614
-124.50373,46,110.29054
-127.8366,125,110.386993
-134.3151,69,110.436776
-131.39586,74,110.447976
-125.38802,49,110.545426
-122.34917,41,110.630563
-126.25494,113,110.639454
-135.23898,97,110.66219
-122.81755,41,110.728553
-118.83732,52,110.838257
-126.72101,100,110.874995
-134.44249,95,110.89202
-123.72311,47,110.991257
-132.77124,88,111.127723
-120.60661,36,111.218832
-127.9453,129,111.228076
-139.8311,127,111.545658
-128.13733,129,111.560525
-120.40947,37,111.646224
-121.29877,39,111.747338
-119.775276,41,111.862393
-127.30468,128,111.908015
-125.32787,53,112.020158
-127.59582,123,112.238189
-137.39938,111,112.318942
-121.29762,39,112.425363
-126.43276,110,112.548913
-128.37605,114,112.713962
-121.72384,39,112.813801
-127.83593,123,112.855179
-121.28786,37,112.917877
-121.37427,39,113.032306
-121.66655,39,113.140008
-127.191696,127,113.224294
-121.856125,38,113.26122
-121.31946,39,113.365693
-251.47505,2000,113.421507
-122.07255,39,113.492409
-126.01412,112,113.556143
-121.53099,39,113.604809
-121.98917,39,113.713092
-121.54704,39,113.808011
-127.30928,126,113.876639
-121.1391,39,113.900204
-122.21484,39,113.990652
-121.2523,39,114.080032
-121.55386,36,114.160771
-127.51015,129,114.181557
-121.95129,39,114.25028
-122.75858,38,114.332999
-127.31919,126,114.457978
-134.01422,112,114.58035
-122.77611,38,114.665027
-127.37118,128,114.737315
-120.63706,37,114.750636
-121.55294,39,114.835529
-122.50628,39,115.898414
-122.62556,108,115.961714
-125.813705,108,116.191298
-128.53911,201,116.327676
-121.19417,80,116.362137
-243.24132,889,116.447987
-121.36131,83,116.544897
-126.703064,47,116.561255
-127.75769,48,116.662377
-121.196144,86,116.735106
-138.15065,212,116.801237
-127.824234,98,116.87892
-122.43651,80,116.915042
-233.28944,2000,116.931732
-127.211555,95,117.101402
-135.53242,76,117.101711
-133.32503,166,117.179792
-129.08981,49,117.217172
-126.06115,47,117.324536
-127.58763,48,117.435364
-141.79245,166,117.560352
-144.21072,117,117.689691
-136.86069,134,117.845341
-131.38155,135,117.976768
-126.7159,47,118.079261
-128.66963,49,118.197682
-128.61661,159,118.207834
-134.84937,141,118.517022
-135.55226,179,118.606114
-127.99365,102,118.744276
-127.866585,102,118.962786
-124.27413,168,118.978158
-140.95667,108,119.206812
-139.56766,95,119.404169
-138.15814,222,119.457306
-128.32005,103,119.625954
-132.35074,182,119.830644
-141.69472,115,119.862543
-135.16086,96,120.0612
-131.35468,129,120.347917
-124.45065,33,121.390541
-141.10332,278,121.411007
-247.26817,2000,125.902508
-249.02644,2000,125.902834
-253.49905,2000,125.902994
-256.8872,2000,125.90307
-122.71878,114,126.162944
-126.715385,107,126.415906
-253.84152,2000,129.729941
-252.346,2000,129.730263
-223.48546,2000,129.730448
-132.00974,74,129.897319
-252.7688,2000,130.199271
-249.71921,2000,134.854044
-251.73918,2000,134.854361
-212.41104,2000,135.011403
-125.80769,124,135.117977
-342.76685,1930,135.179155
-129.16963,86,135.201939
-157.61562,212,135.312264
-125.63875,124,135.391634
-125.8252,106,135.417473
-131.06337,126,135.484744
-123.04546,90,135.596011
-145.17673,145,135.64097
-123.25289,137,135.721817
-123.22672,90,135.810198
-146.14203,122,135.928039
-141.52486,210,135.970132
-123.43856,92,136.027547
-120.19175,89,136.130324
-130.53076,89,136.170143
-150.1838,205,136.204999
-125.94552,127,136.30661
-140.59187,82,136.319426
-140.75214,128,136.487035
-141.95636,106,136.549943
-125.546906,124,136.586738
-140.76997,86,136.735168
-140.09909,129,136.769581
-126.141205,128,136.880661
-138.4792,94,136.997604
-126.12129,146,137.17047
-126.3128,130,137.251746
-142.75449,111,137.305093
-125.815,116,137.489086
-127.05781,129,137.592789
-151.80699,136,137.661512
-126.38704,130,137.933707
-152.90056,172,137.945584
-131.07907,135,138.027307
-141.13687,113,138.242302
-126.1515,128,138.276353
-150.33717,136,138.373556
-140.76495,85,138.5821
-125.90098,127,138.598106
-128.39148,147,138.622335
-140.88852,84,138.804171
-123.159836,92,138.83961
-140.47218,85,139.036866
-123.4299,92,139.117035
-140.50166,87,139.290845
-123.76091,93,139.363703
-162.79803,325,139.524841
-146.41325,123,140.652851
-125.83278,120,140.704865
-119.06621,58,140.784062
-116.7493,86,140.963264
-251.67464,1488,140.998151
-118.40908,58,141.097596
-116.14263,58,141.126144
-119.80958,59,141.224938
-120.531525,69,141.370324
-117.4435,54,141.486418
-118.28921,58,141.613573
-118.40802,58,141.735139
-116.75086,86,141.920785
-118.63882,58,142.055045
-118.99132,59,142.181227
-116.80184,86,142.356674
-117.87792,55,142.477469
-241.85097,898,142.63206
-116.700134,87,142.659766
-118.3914,60,142.78399
-118.96939,58,142.902783
-222.72478,2000,146.515815
-211.10863,2000,146.516167
-191.46112,2000,146.516303
-213.77867,2000,146.516384
-220.90558,2000,150.073861
-219.74487,2000,150.074138
-209.78601,2000,150.074366
-205.44594,2000,150.07459
-116.824326,53,150.22712
-120.3069,81,150.31124
-115.674614,87,150.337594
-119.417625,42,150.365052
-118.5823,58,150.495228
-125.732376,128,150.694386
-117.70162,92,150.73697
-116.52702,58,150.919059
-117.059074,87,151.172332
-117.78903,85,151.40652
-153.37784,253,151.441695
-118.89814,42,151.572411
-118.272285,55,151.59387
-117.24175,87,151.82865
-205.58395,615,152.054613
-146.77182,187,152.085343
-118.56628,97,152.094781
-118.888405,42,152.211731
-119.19277,42,152.331384
-117.35134,88,152.350548
-118.62384,44,152.470707
-119.101875,54,152.517327
-118.715225,43,152.603652
-118.96578,59,152.689851
-118.583694,43,152.728399
-119.2272,42,153.843699
-113.143974,109,153.961947
-182.40198,380,154.088757
-130.72365,65,154.107252
-131.99168,99,154.313424
-128.96118,59,154.439355
-134.9529,187,154.499351
-133.67712,71,154.598022
-121.130585,141,154.794561
-138.70015,95,154.802232
-129.94934,64,154.938058
-122.420296,141,155.105819
-130.89867,77,155.115007
-138.07857,81,155.288301
-126.55652,76,155.454304
-136.08511,81,155.641042
-130.31462,65,155.784199
-123.385284,71,155.936946
-260.7879,2000,156.104547
-131.92538,91,156.132035
-123.14865,49,156.233787
-122.065865,73,156.2673
-134.80492,74,156.392994
-129.2801,80,156.572129
-137.1406,77,156.726165
-131.20186,65,156.86361
-133.18697,72,157.011688
-130.07199,83,157.194898
-135.36116,75,157.351752
-132.86613,97,157.555635
-124.81698,76,157.711906
-129.76802,62,157.83601
-125.25751,51,157.940809
-131.44356,63,158.071604
-238.82545,2000,158.130885
-121.79526,66,158.219443
-122.95529,45,158.234797
-142.16286,67,159.339219
-116.13586,75,159.37507
-119.087036,56,159.501563
-138.08504,129,159.785691
-126.59458,164,160.136909
-234.38121,2000,160.383945
-132.60936,142,160.446517
-113.42403,80,160.618788
-160.55096,637,160.742707
-119.06692,75,160.793783
-113.815796,54,160.863842
-113.96004,77,160.959258
-126.54864,120,161.208451
-255.70241,2000,161.52259
-159.42992,346,161.944085
-156.8319,415,162.815555
-117.663345,64,162.982034
-116.24893,123,163.942321
-201.86713,2000,167.689875
-207.50172,2000,167.690198
-196.78767,2000,167.690356
-217.32303,2000,167.909546
-204.9707,2000,171.297879
-192.10358,2000,171.298244
-188.47868,2000,171.2984
-117.34974,68,172.415363
-306.62805,1968,172.4738
-115.57834,97,172.627781
-132.1437,93,172.672057
-131.87276,41,172.722941
-149.51263,209,173.103682
-143.37576,221,173.185268
-128.40747,43,173.213149
-131.97502,41,173.285479
-117.25289,108,173.438943
-115.87167,94,173.483138
-115.66499,95,173.672806
-115.49635,124,173.701895
-120.21313,127,173.959589
-134.229,138,173.959908
-131.86938,41,174.054696
-134.94478,222,174.430729
-138.91135,208,174.491558
-124.81596,68,174.573661
-131.77512,41,174.574006
-132.1878,41,174.655967
-125.35249,121,174.810061
-116.140945,96,174.847459
-131.99365,41,174.931947
-121.68438,112,175.043111
-116.569824,93,175.120136
-132.0309,41,175.207919
-134.42297,124,175.307287
-133.87549,143,175.514929
-127.20213,102,175.530545
-123.67207,122,175.788019
-136.69865,173,175.890065
-141.1713,176,176.308538
-145.63332,240,176.354859
-128.87648,43,176.473092
-116.60829,95,176.567064
-247.08122,2000,176.616601
-210.0846,2000,176.6169
-132.13658,41,176.69007
-130.40091,124,178.354185
-137.59941,201,178.431608
-144.47617,172,178.492935
-125.15191,102,178.637568
-124.95794,102,178.909835
-142.87437,170,178.945189
-137.62865,43,179.01798
-151.5698,230,179.043824
-125.27457,103,179.240571
-146.51419,133,179.250339
-138.31201,190,179.468235
-124.52911,97,179.47722
-137.3321,44,179.571864
-137.3298,44,179.667947
-143.47151,193,179.692814
-141.32559,136,179.775284
-124.98327,103,179.893964
-141.62746,131,179.975124
-124.75007,98,180.106823
-137.4424,44,180.205027
-144.34924,136,180.276078
-137.27682,44,180.309106
-153.83066,248,180.328314
-122.30187,45,180.428569
-124.56894,98,180.535127
-144.81398,146,180.610112
-137.26477,44,180.635233
-137.27347,44,180.728215
-130.41472,68,180.766285
-125.51308,100,180.941655
-125.26673,99,181.144613
-143.32742,219,181.2203
-185.05185,407,181.303866
-124.96932,98,181.360528
-138.41203,145,181.549551
-125.649475,99,181.590444
-140.09415,194,181.731423
-128.29784,91,181.781103
-139.93143,137,181.851106
-137.2215,44,181.892156
-137.13396,44,181.998521
-137.09677,44,182.091608
-137.09845,44,182.190642
-137.12231,44,182.288567
-170.44395,234,182.381026
-137.02773,44,182.390121
-168.30276,289,182.405668
-137.0817,44,182.509976
-137.0553,44,182.607381
-137.2775,94,182.623641
-137.16827,44,182.708123
-202.70236,2000,182.731923
-150.91283,162,182.792814
-137.4963,44,182.821542
-123.31893,49,182.907203
-119.77921,87,182.939675
-147.75613,144,182.967836
-124.028,97,184.011949
-145.68289,161,184.274627
-165.1153,198,184.443663
-144.26447,149,184.609648
-128.61487,64,184.747387
-137.53622,95,184.938996
-130.69778,70,185.089561
-139.16559,97,185.284291
-138.41603,113,185.524125
-138.90717,94,185.725342
-141.6221,109,185.995817
-257.20352,2000,189.577044
-256.38376,2000,189.577351
-256.38828,2000,189.577477
-125.32638,93,189.784978
-251.16403,2000,189.846842
-129.94809,146,189.95569
-133.7982,88,190.200542
-144.34401,263,190.293038
-134.22928,74,190.482651
-128.70563,86,190.711294
-245.76546,2000,195.379232
-241.56763,2000,195.418374
-123.8141,98,195.631426
-242.06496,2000,195.692461
-132.13097,105,195.861394
-123.794754,97,196.092143
-214.8844,2000,196.12719
-119.757515,82,196.273657
-126.63908,93,196.471914
-121.60615,92,196.656813
-119.6184,103,196.872693
-124.07631,79,197.052827
-118.15562,78,197.216607
-123.74203,95,197.420088
-120.219,104,197.640856
-125.203545,92,197.831285
-132.31503,110,198.073291
-160.72595,231,199.58329
-119.94075,126,199.841315
-297.3781,1341,199.991307
-121.52811,130,200.128507
-254.43129,1595,200.145917
-118.90012,105,200.350448
-244.06813,2000,200.69021
-174.90991,364,200.772347
-158.35168,304,200.98965
-117.85797,94,201.198391
-155.3036,200,201.207174
-147.28162,209,201.615724
-113.9739,54,201.727259
-121.58944,132,201.996091
-184.99802,399,202.013391
-116.959816,83,202.225225
-116.90585,83,202.439768
-155.51859,181,202.497478
-248.43091,2000,207.054634
-247.79439,2000,207.054929
-248.89978,2000,207.055069
-247.71535,2000,207.055165
-145.16245,131,207.293775
-242.31259,2000,210.6484
-239.29019,2000,210.648693
-248.87393,2000,210.648783
-115.88552,74,210.830377
-122.73353,96,210.883126
-372.45407,1981,210.920003
-116.747505,63,210.977396
-122.30931,97,211.098382
-112.83435,79,211.155653
-115.97242,65,211.290257
-151.72707,174,211.307602
-164.96223,411,212.537547
-247.89264,2000,216.403995
-123.50452,65,216.581853
-251.63727,2000,216.645014
-236.38861,2000,216.667141
-116.668495,62,216.759367
-120.92606,65,218.144621
-121.800674,59,218.208903
-245.36469,2000,218.279058
-149.05362,192,218.665796
-121.20989,68,218.815583
-133.90656,96,219.018467
-124.38614,54,219.135182
-121.68261,64,219.271549
-124.64001,78,219.436472
-124.97837,55,219.553057
-151.09213,178,219.916895
-158.83856,177,220.279316
-244.94954,2000,222.102103
-220.9859,2000,222.248847
-240.5985,2000,222.312091
-122.55992,76,224.682681
-242.68387,2000,228.198418
-212.29372,2000,228.198755
-250.8817,2000,228.198872
-245.57558,2000,228.36665
-118.17926,56,228.529351
-117.42682,40,228.630838
-116.59247,42,228.739364
-116.70428,42,228.854099
-116.762924,42,228.967358
-117.89054,40,229.069421
-117.21212,41,229.187461
-116.98175,42,229.297183
-169.33023,433,229.332556
-117.472496,41,229.41838
-116.727036,42,229.53165
-119.9033,77,229.552638
-116.78011,42,229.638895
-116.83682,42,229.746139
-119.57804,93,229.792211
-116.605194,42,229.867362
-117.286224,40,229.968668
-119.50455,88,230.025497
-117.22137,40,230.078679
-117.30662,40,230.17913
-119.924034,73,230.225
-116.72797,42,230.306366
-117.45323,40,230.41739
-117.93999,78,230.451187
-117.00586,40,230.535852
-116.67249,41,230.643316
-122.19536,75,230.665309
-117.08331,42,230.762505
-247.55478,977,230.823176
-119.649765,67,230.849018
-116.75428,42,230.890686
-116.81312,41,230.987346
-119.70486,73,231.031137
-116.74953,41,231.079466
-130.81244,142,231.161075
-116.73333,42,231.172545
-117.54237,83,231.219364
-116.37689,43,231.28331
-117.05943,60,231.319344
-116.72367,42,231.38273
-122.07951,73,231.401818
-116.78671,42,231.484638
-116.86073,41,231.571142
-120.51578,77,231.579841
-121.12286,127,231.617084
-117.73834,40,231.665144
-120.227036,77,231.744137
-116.70289,42,231.757898
-125.732834,102,231.833659
-116.80229,41,231.84904
-123.53668,66,231.900974
-116.77895,41,231.947397
-129.95428,81,232.024505
-117.14126,42,232.043208
-120.22285,74,232.074168
-127.267845,52,233.112187
-116.67033,57,233.138876
-121.18995,89,233.335055
-150.21921,174,233.491945
-126.29692,133,233.621221
-303.8659,1843,233.763209
-125.86354,128,233.882558
-138.36275,224,233.962826
-130.33488,107,233.993849
-124.40008,35,234.066424
-124.51968,47,234.075759
-124.28801,70,234.219516
-130.66547,183,234.289565
-125.02762,71,234.443268
-122.679955,138,234.528866
-123.064674,34,234.603789
-172.047,286,234.699782
-125.77733,49,234.713246
-126.01065,142,234.761553
-124.47483,47,234.809565
-124.07237,48,234.824739
-122.83319,33,234.891585
-125.9982,137,235.048361
-154.73463,168,235.157951
-144.23366,160,235.221476
-126.27664,125,235.313209
-124.10522,49,235.332452
-124.88458,61,235.472727
-125.600784,49,235.580724
-127.358246,130,235.615576
-126.39556,49,235.69068
-169.77235,308,235.831168
-122.030495,101,235.900141
-124.678825,151,235.937325
-127.28081,90,236.09836
-145.6773,147,236.152745
-124.40604,119,236.197214
-126.23067,59,236.235093
-123.68302,68,236.375366
-125.251144,115,236.45865
-122.38948,64,236.537847
-155.38527,177,236.571643
-124.27765,109,236.703705
-119.83773,82,236.722783
-126.04997,74,236.889257
-157.4217,173,236.956988
-126.18736,59,237.029297
-127.222824,139,237.038942
-126.30271,59,237.171721
-122.04292,98,237.268702
-125.12632,42,237.279956
-125.403076,49,237.385928
-255.497,2000,237.484861
-139.4035,227,237.51705
-121.900734,63,237.557172
-125.57725,125,237.585162
-129.85468,74,238.684597
-128.41179,125,238.817903
-123.299034,63,242.063751
-121.675995,70,242.088565
-123.01995,70,242.235356
-123.030205,57,242.355188
-247.12286,2000,245.828276
-249.97493,2000,245.828594
-247.42271,2000,245.953311
-249.99234,2000,246.16642
-244.23671,2000,249.335
-246.20444,2000,249.335299
-245.60616,2000,249.489287
-115.91833,79,249.515125
-114.27892,63,249.644056
-250.03072,2000,249.747112
-113.13006,59,249.778781
-123.33037,64,249.886982
-123.91688,81,250.069926
-148.62091,145,250.099291
-114.434875,58,250.219147
-116.13846,63,250.350843
-144.09068,133,251.600182
-188.36113,563,251.675159
-128.3481,52,251.796361
-130.36873,54,251.912994
-167.56276,278,252.200066
-146.5163,148,252.227094
-126.70154,66,252.36892
-130.3255,55,252.502308
-127.54408,67,252.648465
-142.53952,199,252.659749
-128.05887,49,252.761218
-128.29007,62,252.887257
-130.43488,53,253.001197
-130.6568,55,253.131274
-127.602005,50,253.238187
-126.888336,89,253.426989
-130.26944,52,253.550106
-129.73924,52,253.661313
-130.34554,53,253.773519
-128.12872,57,253.902775
-127.00587,71,254.114951
-127.83719,69,254.314452
-144.60356,133,254.658926
-128.4749,58,254.807539
-246.94843,2000,254.878871
-130.19922,53,254.972603
-129.08347,139,255.351347
-144.12526,130,255.680117
-253.01317,2000,255.779936
-127.60812,64,255.870119
-129.24599,113,256.115239
-150.12712,189,256.397
-125.21644,108,256.413581
-127.01333,81,257.665633
-209.82819,660,257.72005
-126.317375,48,257.778234
-331.33984,1617,257.803618
-149.40358,159,257.847238
-123.80055,93,257.991498
-120.31728,84,258.036023
-121.25673,60,258.164067
-122.51527,61,258.300328
-129.65298,147,258.323367
-124.72266,46,258.421733
-121.10062,60,258.441627
-123.294106,57,258.567685
-121.008606,87,258.739201
-125.06431,51,258.848416
-159.7938,208,258.867975
-125.7251,45,258.96163
-132.90956,75,259.014466
-121.78821,58,259.133691
-133.1796,73,259.289046
-158.53009,174,259.334217
-124.36934,45,259.427083
-120.867325,72,259.44638
-124.26681,45,259.543012
-143.77142,133,259.73337
-117.470085,107,259.763357
-124.17843,69,259.878664
-146.16374,102,259.972942
-120.05634,63,260.017323
-122.94894,68,260.169951
-121.53386,65,260.319764
-142.56624,120,260.573141
-168.3832,287,260.612247
-121.32164,66,260.718451
-117.967064,99,260.821956
-156.62376,155,261.043514
-160.67418,138,261.116302
-124.47124,44,261.209611
-121.48359,88,261.241422
-120.757935,68,261.40598
-149.16296,115,261.488818
-132.79903,77,261.580277
-124.26576,44,261.591577
-145.36421,132,261.857928
-122.238014,64,261.997868
-159.8126,210,263.029749
-247.94019,2000,263.090675
-128.7576,65,263.144171
-195.18439,2000,263.172279
-134.76279,68,263.953038
-133.29964,82,263.98584
-134.49875,69,264.088641
-129.42358,69,264.121514
-134.3071,72,264.252501
-206.50687,2000,267.513896
-246.0334,2000,267.514207
-253.73381,2000,267.869502
-245.91597,2000,268.114305
-150.01047,511,269.450423
-178.89687,610,270.804383
-245.1401,2000,273.158791
-246.82321,2000,273.159091
-340.8983,1914,273.279615
-123.13052,64,273.315241
-118.742035,39,273.380128
-118.75601,39,273.476142
-118.73459,39,273.56354
-118.87675,40,273.65336
-117.5658,64,273.799592
-118.69876,39,273.890408
-118.691925,39,273.975343
-116.953,62,274.105952
-118.85224,68,274.25202
-118.55489,39,274.337594
-118.605774,39,274.426065
-117.52983,74,274.584946
-127.65798,147,274.888244
-117.686165,64,275.022055
-119.08497,38,275.102687
-119.15119,63,275.233114
-119.50602,39,275.318007
-117.21384,69,275.459852
-119.05549,38,275.546341
-117.5897,61,275.673154
-119.3285,39,275.757604
-119.334015,39,275.841899
-118.623405,70,276.002306
-229.90785,2000,276.098182
-118.41614,65,276.144329
-136.57042,47,276.199788
-119.52808,40,276.231212
-136.58545,47,276.302397
-120.419464,55,276.356958
-136.57939,47,276.416838
-119.14288,42,276.456592
-136.59387,47,276.527958
-118.34032,69,276.613317
-117.32461,67,276.764752
-118.981895,38,276.848649
-120.41016,66,277.990584
-344.20615,1782,278.081148
-160.33566,230,278.472565
-225.36427,2000,278.660362
-209.0764,619,279.760943
-255.71915,2000,284.764491
-256.06006,2000,284.764795
-256.12042,2000,284.764885
-248.52713,2000,284.764948
-248.23009,2000,288.253846
-247.95705,2000,288.254214
-247.96248,2000,288.254393
-247.95552,2000,288.254544
-130.95535,79,288.443985
-238.40755,989,291.35789
-123.88956,73,291.527951
-121.47614,61,291.65806
-120.334656,56,291.778298
-147.35503,137,292.062753
-118.85148,54,292.18024
-119.57902,53,292.290855
-124.875114,113,292.529235
-145.35654,123,292.770762
-118.90588,54,292.918768
-122.96355,81,293.120676
-119.78527,61,293.26918
-119.2352,54,293.402314
-120.74383,61,293.556822
-251.01631,2000,293.641594
-256.7744,2000,293.641927
-126.32763,45,293.753844
-247.62503,2000,293.84309
-126.42353,45,293.877175
-145.57202,121,293.886988
-121.975136,44,294.006158
-138.12459,171,294.112359
-124.25016,45,294.140317
-123.18673,104,294.1883
-119.35222,55,294.326127
-119.225624,54,294.468566
-140.87692,187,294.623015
-120.96701,59,294.644329
-119.1353,55,294.789354
-147.02554,137,295.143048
-142.1626,216,295.203279
-119.30666,55,295.307552
-118.30512,55,295.459171
-149.67111,213,295.802301
-148.20265,141,295.862329
-120.22617,82,297.018293
-247.95839,2000,299.48141
-243.4586,2000,299.680266
-147.82649,139,299.770196
-143.90279,125,300.019299
-148.2423,138,300.292512
-125.50671,39,300.372279
-143.62305,129,300.629951
-235.28358,2000,300.911143
-148.26056,139,300.918722
-225.66577,2000,302.079297
-169.58574,194,302.272408
-253.26668,2000,305.835238
-251.01883,2000,305.835573
-251.12778,2000,305.835684
-253.05533,2000,305.835761
-255.32713,2000,310.036968
-251.21962,2000,310.03732
-251.03351,2000,310.037559
-254.89047,2000,310.037692
-142.20638,110,310.284101
-144.42595,123,310.318144
-151.67923,141,310.366276
-135.1003,79,310.469802
-136.1423,55,310.590702
-134.7749,53,310.709781
-165.34297,261,310.890922
-141.70938,118,310.959354
-132.70836,52,311.069093
-136.13129,80,311.247062
-135.50609,50,311.354275
-135.78328,79,311.521043
-133.45139,51,311.628278
-152.23228,189,312.016316
-136.00302,51,312.123222
-142.12709,107,312.358422
-135.4895,78,312.517092
-131.09514,50,312.625086
-136.03186,55,312.742249
-125.18787,80,312.917823
-138.80592,99,313.122324
-135.69464,50,313.239909
-139.30699,98,313.452682
-135.90965,51,313.572292
-134.83832,52,313.681757
-126.02286,107,313.914012
-134.03256,74,314.068118
-135.77832,83,315.205292
-252.44952,2000,315.322162
-365.60135,1896,315.407937
-260.0879,2000,316.129424
-251.40768,2000,319.425875
-248.30486,2000,320.780172
-265.38797,2000,320.884841
-115.03091,63,320.961607
-132.65598,63,321.060642
-116.906166,55,321.115701
-130.07315,59,321.22595
-117.64109,59,321.281341
-128.30716,53,321.371425
-127.87775,52,321.524773
-120.23996,128,321.645736
-122.78316,61,321.702521
-121.03683,59,321.869611
-253.10027,2000,321.869912
-127.80485,55,322.029885
-160.37852,194,322.197241
-122.763275,94,322.274206
-118.06966,79,322.444757
-122.805725,129,322.485668
-121.46978,81,322.631422
-120.522865,128,322.76546
-121.70948,68,322.782155
-129.05267,54,322.901065
-114.51582,73,322.936097
-132.16708,62,323.040571
-122.37011,93,323.227278
-248.27255,2000,326.779994
-248.27104,2000,326.780272
-248.27286,2000,326.780361
-252.02736,2000,326.780424
-248.15497,2000,330.206196
-248.13571,2000,330.206537
-248.15532,2000,330.206659
-253.03683,2000,330.206743
-129.31941,52,330.330321
-115.58893,52,330.330644
-116.9767,56,330.447005
-117.563896,54,330.562836
-128.38016,114,330.577032
-116.385376,55,330.682343
-126.671,100,330.786166
-115.35556,60,330.818534
-114.20022,62,330.961364
-124.60134,74,330.970786
-116.47549,56,331.09194
-123.12298,80,331.149142
-123.3041,78,331.303794
-121.75175,127,331.356497
-117.45907,53,331.466212
-131.2379,136,331.589162
-122.53329,130,331.737007
-129.59373,129,331.860783
-116.349464,63,331.87935
-115.61221,57,332.010314
-124.03644,67,332.027954
-124.6289,75,332.187613
-120.22704,127,332.334761
-127.55917,111,332.515244
-117.573616,67,333.908811
-250.43864,2000,336.195931
-233.67458,2000,336.196233
-249.36897,2000,338.281322
-236.51079,2000,338.295231
-151.57535,139,339.52805
-250.14084,2000,341.304737
-227.86537,2000,341.305055
-125.17155,128,343.634351
-149.7839,253,343.856888
-145.77232,211,344.01347
-126.578865,117,344.075025
-124.49644,82,344.229167
-254.86281,2000,347.466211
-252.3008,2000,347.466563
-249.56288,2000,348.196265
-136.57834,55,348.30516
-252.21901,2000,348.414881
-137.75735,68,348.440059
-137.0676,68,348.569238
-136.24901,74,348.604643
-248.15268,2000,351.298082
-241.14838,2000,351.298515
-126.89646,40,351.398495
-247.80872,2000,353.343687
-247.9037,2000,353.38304
-242.66269,2000,356.265134
-251.32536,2000,356.3542
-126.605896,80,356.523044
-131.2017,135,356.559895
-126.402176,48,357.637352
-116.85508,43,357.73717
-128.5552,117,357.765355
-119.74637,55,357.860769
-350.10443,1749,357.879426
-120.45502,51,358.017196
-123.61878,65,358.056508
-121.33983,53,358.175353
-117.876045,51,358.203848
-117.47591,42,358.318651
-124.373505,60,358.352602
-120.52464,50,358.463621
-125.65736,62,358.532477
-247.52844,2000,358.565741
-125.37391,71,358.671751
-122.48169,59,358.705088
-124.96603,69,358.763531
-121.34058,53,358.858239
-126.32492,76,358.904357
-121.24969,53,359.02528
-128.95883,103,359.076244
-126.66001,74,359.133186
-120.5469,55,359.195489
-116.28354,47,359.270346
-124.222496,75,359.309245
-121.281944,53,359.364146
-128.65617,67,359.507568
-128.26624,79,359.519411
-120.07384,58,359.542347
-124.89249,64,359.686535
-121.32171,58,359.701367
-118.69128,70,359.727028
-120.4002,51,359.847366
-119.730705,55,359.879455
-129.1618,98,359.97658
-122.02664,53,360.031029
-120.802345,65,360.043632
-124.47352,69,360.162308
-120.904106,51,360.175406
-124.388214,70,360.227586
-119.02088,53,360.331084
-125.183395,70,360.372768
-118.80262,70,360.426311
-122.67934,53,360.488352
-125.67918,71,360.57851
-125.065315,71,360.635476
-121.255424,53,360.644847
-127.625435,74,360.786589
-121.82522,57,360.802932
-127.985886,75,360.851942
-121.52881,61,360.954788
-124.4682,69,360.976808
-129.16547,76,361.051383
-120.376564,55,361.109292
-124.135735,69,361.154829
-122.767365,69,361.219675
-120.82388,62,361.260872
-126.663765,74,361.32771
-124.29589,59,361.393055
-125.4945,70,361.486596
-119.59567,52,361.514715
-121.2256,51,361.622912
-125.094124,71,361.647758
-133.4106,212,361.701251
-121.05287,52,361.747715
-119.10165,68,361.859561
-121.29189,53,361.872049
-128.13472,99,361.887913
-120.62649,54,361.996162
-122.88663,70,362.039356
-125.27032,92,362.109
-120.87311,51,362.135057
-128.2473,80,362.222526
-122.421715,57,362.263427
-127.70613,97,362.3343
-119.82618,48,362.3757
-126.06322,88,362.439193
-124.99917,68,362.499422
-121.3657,58,362.521115
-126.57028,76,362.610267
-121.840744,57,362.647845
-124.24449,82,362.692519
-120.469,51,362.7376
-121.01901,52,362.774787
-120.43453,51,362.850577
-121.77736,64,362.919394
-131.31615,104,362.939347
-126.330795,85,364.004509
-121.33329,64,364.023811
-244.83072,2000,364.039472
-128.41953,104,364.13431
-119.6717,93,364.237671
-137.66756,184,364.52007
-150.02327,158,364.571933
-178.56096,421,364.900088
-169.53372,276,365.13924
-121.55684,84,365.31224
-126.58653,153,365.616583
-127.452995,51,365.724285
-125.32237,49,365.821084
-248.5595,2000,369.237321
-248.40468,2000,369.237697
-248.5719,2000,369.23782
-247.55171,2000,369.463799
-149.79964,143,369.56214
-120.27685,82,369.73314
-158.9233,291,370.093265
-138.82852,149,370.405906
-169.18507,414,371.382222
-243.45238,1026,375.033529
-240.06659,2000,375.083162
-227.45634,2000,375.083606
-118.52142,43,375.176796
-129.84457,107,375.392876
-242.66968,2000,375.559922
-128.31107,104,375.624243
-127.314224,101,375.828256
-129.59059,106,376.05048
-130.33876,109,376.289091
-128.83255,112,376.529482
-128.50067,103,376.751088
-128.3337,105,376.976178
-128.31947,107,377.199484
-127.654305,107,377.421631
-127.31046,104,377.643463
-127.60877,105,378.865669
-122.40843,48,378.971022
-123.0355,66,379.113761
-254.91019,2000,380.308302
-218.20831,2000,380.355296
-140.52376,90,380.532737
-145.37035,109,380.762325
-240.13313,2000,380.826648
-143.59457,102,380.987306
-117.71192,41,381.075698
-145.34148,122,381.092931
-117.50859,41,381.169312
-117.62538,41,381.257189
-124.68887,109,381.325676
-146.15903,113,381.4886
-120.824036,82,381.496144
-142.52235,97,381.681658
-136.30042,162,381.827567
-144.52132,109,381.918991
-135.7031,95,382.023346
-143.89215,103,382.127963
-148.70059,139,382.302536
-147.33232,117,382.367851
-125.7225,62,382.561852
-246.24037,2000,386.758536
-246.02419,2000,386.758855
-241.75668,2000,386.75896
-241.69118,2000,386.875969
-139.0755,64,386.999452
-149.2717,161,387.06746
-169.66714,262,387.296808
-157.58641,148,387.327214
-117.66085,41,387.412642
-143.84633,101,387.517453
-143.59729,101,387.625608
-135.61023,70,387.764034
-118.40784,41,388.828482
-151.75706,166,388.840779
-120.51066,68,388.999945
-115.5341,56,389.122819
-115.45853,61,389.254325
-122.19955,83,389.427688
-116.10617,55,389.549785
-116.53309,59,389.672665
-122.12761,84,389.853105
-116.87456,56,389.966925
-116.13312,59,390.099955
-115.402794,53,390.20967
-116.56938,69,390.355396
-116.14174,59,390.487508
-127.252754,135,390.764352
-115.58995,57,390.885741
-116.862816,74,391.04502
-116.79471,71,391.199354
-115.61888,56,391.323631
-115.196045,87,391.513822
-116.59141,69,391.656095
-115.822495,57,391.773459
-116.06986,60,391.897783
-246.76778,2000,391.987738
-117.05293,70,392.046358
-120.34913,63,392.182722
-114.355286,57,392.299943
-246.08522,2000,392.333962
-116.4068,46,392.40494
-122.60577,84,392.584973
-116.43247,46,392.682295
-116.20595,55,392.8028
-115.09071,58,392.945207
-119.03999,74,393.110326
-260.72363,2000,393.157838
-116.19041,70,394.255946
-283.8137,1268,395.700945
-216.88106,2000,397.797103
-118.38304,86,398.047172
-142.93669,102,398.342029
-121.53688,57,398.50511
-119.74602,65,398.677561
-261.49622,2000,398.834546
-141.7306,96,398.953047
-248.87509,2000,398.999142
-127.56332,66,399.042857
-133.11446,90,400.351477
-305.27777,1589,400.765135
-115.2253,73,400.916337
-115.8285,48,401.021152
-116.62234,55,401.13772
-116.34413,51,401.247298
-117.50869,47,401.347103
-247.51772,2000,405.033903
-246.85081,2000,405.034195
-244.30711,2000,405.034299
-247.50246,2000,405.034379
-242.25014,2000,408.531657
-247.31633,2000,408.53196
-242.24484,2000,408.532058
-248.03171,2000,408.532133
-114.53521,62,408.664406
-116.81316,69,408.817678
-117.81218,45,408.915357
-117.83252,45,409.02056
-115.342316,68,409.165269
-117.083954,68,409.304861
-117.93245,45,409.403139
-117.80947,45,409.501019
-117.89787,45,409.594827
-115.9412,64,409.748219
-115.59492,51,409.896377
-118.38842,46,410.033624
-117.61208,45,410.168404
-118.166466,45,410.275547
-118.52863,46,410.407727
-117.81471,45,410.542489
-115.9981,69,410.733359
-116.91382,69,410.932361
-118.60162,46,411.06706
-116.02338,51,411.207839
-116.66004,62,411.364995
-116.66842,68,411.544888
-114.69655,64,411.702737
-115.73942,51,411.834546
-116.21008,64,412.015935
-117.441605,68,412.200017
-283.5973,1490,412.321199
-117.75973,45,412.33021
-127.52731,59,413.548908
-234.37532,2000,414.498829
-248.58154,2000,414.499118
-162.22311,151,414.817322
-155.50452,170,415.180843
-144.72961,129,415.448156
-143.92229,127,415.725311
-144.66096,135,416.030143
-136.72699,98,416.238706
-148.15671,146,416.54857
-140.83813,117,416.794531
-143.36346,225,417.277683
-247.64542,2000,417.671377
-147.32683,203,417.701576
-247.90678,2000,418.788231
-170.20853,415,419.555927
-244.2956,2000,419.754101
-157.31229,219,420.009492
-155.70348,192,420.401346
-157.05437,214,420.838937
-149.1812,152,421.157037
-141.23401,121,421.408356
-151.07251,149,421.706009
-244.70842,2000,426.159973
-247.3571,2000,426.160301
-248.94714,2000,426.160417
-248.69933,2000,426.160519
-247.27039,2000,429.775862
-244.06154,2000,429.77623
-247.27254,2000,429.776386
-247.21187,2000,429.776582
-160.70532,266,430.338126
-156.6721,213,430.769126
-222.10538,761,432.310586
-137.4693,161,432.655677
-145.0052,162,432.988931
-135.58748,140,433.285556
-125.14701,78,433.455917
-248.58325,2000,434.905792
-253.73637,2000,434.906167
-242.20874,2000,435.939908
-242.07098,2000,439.3172
-258.44348,2000,440.729931
-248.47627,2000,440.73025
-182.71788,418,441.574045
-247.87746,2000,441.701345
-128.20366,73,441.732336
-126.76066,73,441.887698
-132.6023,174,442.085964
-149.20436,213,443.307114
-128.65343,115,443.553911
-248.52739,2000,447.443669
-249.42896,2000,447.444053
-248.47968,2000,447.444195
-249.07875,2000,447.44427
-249.01271,2000,451.555344
-250.88464,2000,451.555719
-250.35114,2000,451.555841
-248.55725,2000,451.555929
-152.03441,267,452.329276
-128.96887,112,452.630463
-147.29362,196,453.041753
-247.67513,2000,457.009451
-228.52455,2000,457.009951
-244.85199,2000,457.010109
-128.99142,89,457.203457
-125.10286,74,457.363758
-154.09814,342,458.046263
-232.16899,2000,458.190672
-131.58633,111,458.423369
-128.29602,82,458.603599
-143.24747,184,458.97723
-126.587654,85,459.145873
-127.55758,103,459.361009
-126.57497,75,459.530985
-129.84567,95,459.732272
-137.90337,141,460.027621
-129.1836,93,460.234231
-146.31041,176,460.616975
-129.13336,97,461.832724
-253.33492,1391,462.00031
-229.69675,2000,462.213507
-242.05424,2000,462.213906
-248.50938,2000,468.737883
-248.78027,2000,468.738211
-248.48291,2000,468.738336
-248.5089,2000,468.738445
-249.04887,2000,472.402402
-247.72723,2000,472.402797
-247.29749,2000,472.402991
-248.69676,2000,472.403125
-230.2157,941,475.370186
-245.17316,2000,478.047389
-252.13893,2000,478.047643
-245.5788,2000,478.047743
-122.187485,76,478.270662
-115.93994,54,478.410725
-152.02396,152,478.476598
-116.98689,65,478.604244
-112.97693,60,478.659092
-116.83579,69,478.811904
-112.67941,66,478.858124
-119.68734,63,478.978539
-119.48726,58,479.005513
-116.36309,61,479.112031
-113.6203,57,479.129736
-119.05413,44,479.214535
-121.88879,60,479.280483
-119.045975,44,479.338311
-115.65563,61,479.434479
-117.28955,68,479.510206
-118.9565,57,479.573644
-116.83973,48,479.622515
-117.86096,57,479.702206
-119.11643,44,479.726618
-119.47234,57,479.831607
-116.66583,66,479.875173
-117.027626,47,479.977727
-119.040794,44,480.073442
-150.29468,139,480.144452
-116.91942,52,480.192471
-119.38849,43,481.281866
-238.23306,2000,481.401887
-119.668884,66,481.437733
-131.97426,78,481.584836
-123.70099,70,481.602631
-129.14778,80,481.765168
-123.72535,76,481.772978
-133.09363,73,481.9317
-124.76561,79,481.953066
-120.76699,65,482.092786
-128.40205,73,482.102354
-124.75049,87,482.284211
-135.05971,95,482.309603
-131.22511,87,482.51398
-126.45288,104,482.538848
-131.1727,73,482.682238
-125.20472,125,482.809844
-131.06013,72,482.842965
-126.03389,86,483.025133
-128.22379,162,483.160988
-134.45668,81,483.204081
-122.50858,76,483.337614
-132.1656,75,483.377498
-134.71623,96,483.608561
-125.01031,132,483.656837
-121.12833,66,483.796915
-217.16734,2000,483.811113
-138.82573,60,483.935416
-124.40943,72,483.961103
-139.78072,73,484.10359
-147.4926,256,484.1734
-125.86159,102,484.189915
-135.89168,97,484.385754
-127.61358,149,484.522707
-124.00041,60,484.651972
-123.06057,112,484.883983
-123.9005,70,485.028953
-171.51352,379,485.200841
-123.10264,93,485.232514
-134.80408,79,485.383086
-125.37635,83,485.422168
-238.09312,2000,485.612751
-126.17756,105,485.656329
-121.61856,80,485.828096
-127.70206,67,487.099666
-248.75002,2000,491.045495
-248.78397,2000,491.045813
-240.57419,2000,491.045908
-237.21703,2000,491.203896
-242.27525,2000,494.824109
-248.01004,2000,494.824451
-243.83948,2000,494.824585
-241.81984,2000,494.974162
-249.92366,2000,499.817445
-248.34859,2000,499.817832
-253.12726,2000,499.817972
-124.527245,45,499.911466
-248.52406,2000,499.96218
-125.68059,85,500.004938
-126.52068,56,500.051008
-124.20151,59,500.146853
-126.38476,50,500.166864
-121.925705,64,500.291241
-132.50774,81,500.348888
-124.52892,45,500.476629
-128.46037,62,500.608034
-124.22953,53,500.725347
-124.58218,45,500.82578
-124.564514,45,500.924323
-246.36386,2000,504.643845
-239.63132,2000,505.868722
-245.98242,2000,506.156269
-234.37117,2000,506.71957
-127.0182,71,506.869109
-122.27151,50,506.972074
-124.20268,44,507.064374
-126.52951,55,507.904664
-127.49849,71,507.939631
-247.67284,2000,511.489364
-247.72345,2000,511.489694
-240.01274,2000,511.590609
-247.6427,2000,511.640961
-126.71894,39,511.694857
-246.05394,2000,517.183134
-241.20898,2000,517.183397
-133.82903,60,517.382546
-218.27623,2000,517.426054
-238.93907,2000,517.504788
-118.423546,63,517.598962
-123.43414,47,517.747319
-120.18914,65,517.948704
-124.72945,58,518.082787
-121.6316,67,518.246235
-133.9263,56,518.383484
-121.95908,72,518.547544
-119.31929,70,518.71662
-119.56463,60,518.852785
-122.5537,63,518.998928
-131.5713,55,519.124091
-125.362755,65,519.262298
-120.47211,74,519.437135
-124.94376,65,519.575015
-130.1059,54,519.692548
-134.25989,56,519.8303
-125.41769,64,519.982644
-133.61409,61,520.135145
-247.81729,2000,522.957583
-235.89592,2000,523.111346
-247.6861,2000,523.165279
-246.7886,2000,529.135608
-245.90497,2000,529.135892
-244.4456,2000,529.135974
-246.67064,2000,529.136037
-246.0819,2000,533.276783
-245.24832,2000,533.277148
-245.87402,2000,533.277359
-251.03247,2000,533.277565
-243.6475,2000,538.722222
-247.11339,2000,538.722594
-258.8404,2000,538.722828
-234.32057,2000,538.722969
-126.141685,39,538.81478
-126.0137,39,538.908993
-149.7919,134,539.199733
-155.36603,334,540.456577
-132.15285,168,540.571236
-219.29109,2000,544.771624
-247.53961,2000,544.771963
-247.22,2000,546.538274
-251.63084,2000,546.652899
-125.586075,42,546.76068
-129.31314,47,546.876904
-253.24422,2000,552.068755
-252.00897,2000,552.069133
-251.97025,2000,552.069318
-238.86472,2000,552.069443
-253.23036,2000,556.40634
-250.99112,2000,556.406812
-251.87492,2000,556.406996
-243.76187,2000,556.407113
-227.10895,2000,562.166167
-250.52472,2000,562.166612
-254.43764,2000,562.166757
-240.70372,2000,562.166871
-127.27185,57,562.301465
-135.6543,103,562.414307
-138.01581,119,562.683632
-168.61752,251,562.751401
-130.62236,86,562.874658
-137.77907,118,563.140501
-140.53995,134,563.459777
-138.04193,115,563.716177
-125.27651,116,563.986012
-123.477135,61,564.127796
-128.70917,105,564.369904
-124.66325,111,564.647674
-129.42181,117,564.917027
-130.34796,119,565.202504
-254.09106,2000,567.993781
-247.70789,2000,568.170608
-124.700226,67,568.209586
-134.11674,66,568.394982
-132.29628,84,568.488813
-127.81585,68,568.621732
-120.07824,54,568.670029
-251.47932,2000,568.818775
-133.1373,65,568.841598
-120.50501,55,568.860895
-120.495995,55,569.048724
-124.36253,79,569.113188
-119.50723,49,569.264773
-132.45569,79,569.301847
-132.58395,65,569.491957
-121.81671,64,569.528779
-134.29881,60,569.706313
-132.90593,95,569.8517
-170.24152,318,569.912173
-123.73055,76,569.973759
-127.49914,71,570.097389
-120.531845,50,570.247267
-127.60581,119,570.321575
-130.57532,93,570.471691
-123.87915,91,570.546975
-121.46693,50,570.596651
-120.37929,56,570.731659
-169.37422,305,570.741174
-123.593315,103,570.799893
-132.86151,76,570.91906
-134.42671,56,570.937787
-244.80116,2000,574.793977
-246.75914,2000,574.794352
-243.05663,2000,574.794634
-247.6214,2000,574.794927
-247.53029,2000,578.662035
-246.81456,2000,578.662353
-243.13168,2000,578.662496
-247.17639,2000,578.662586
-120.2378,60,578.806639
-126.13302,70,578.834667
-125.58016,53,578.95306
-124.74638,61,579.002357
-133.00981,63,579.109348
-132.95772,92,579.216264
-124.30973,56,579.244134
-119.59404,51,579.342318
-134.03963,63,579.396736
-173.28336,345,579.518235
-124.53964,84,579.552063
-129.27586,67,579.568465
-118.89417,60,580.814834
-119.72855,58,580.82614
-248.87733,2000,584.826632
-254.9621,2000,585.632336
-249.55052,2000,585.800527
-185.6775,2000,585.813009
-235.68436,2000,590.668163
-140.79109,85,590.884582
-252.09576,2000,591.475585
-245.92493,2000,591.64657
-244.36377,2000,591.658991
-126.645874,83,591.683952
-119.94118,53,591.814244
-118.77038,83,591.872289
-129.0467,101,593.107233
-248.62202,2000,598.923539
-247.50246,2000,598.924052
-247.30986,2000,598.924213
-246.09009,2000,598.924293
-127.60576,68,599.073105
-248.2822,2000,602.906182
-246.95952,2000,602.906553
-249.02827,2000,602.906683
-137.06071,45,603.037772
-253.19269,2000,603.104221
-153.62517,269,603.728965
-127.50391,80,603.917751
-172.57458,329,604.65222
-220.57884,2000,609.27887
-247.47903,2000,609.279181
-241.57866,2000,609.407689
-137.17897,52,609.542235
-145.91812,169,609.709621
-256.71997,2000,611.125153
-256.35446,2000,615.079081
-249.27867,2000,615.310251
-261.7217,2000,615.489544
-130.33951,68,615.660889
-142.16443,100,615.904179
-141.26195,97,616.143059
-240.80959,2000,616.854733
-184.1796,401,617.070797
-142.79471,103,617.314209
-134.24442,60,617.600981
-248.36674,2000,621.961003
-203.29118,2000,621.961367
-203.20003,2000,621.961492
-247.66664,2000,622.129736
-136.97137,64,622.293153
-263.4079,2000,626.059731
-249.81087,2000,626.060067
-202.58011,2000,626.06017
-126.907196,40,626.172128
-144.18846,108,626.316788
-139.27925,116,626.34282
-264.4953,2000,626.371589
-135.55498,53,626.49142
-147.75577,125,626.614418
-148.83362,130,626.913586
-247.68056,2000,631.545588
-134.35797,43,631.64253
-249.4345,2000,631.717698
-134.3643,43,631.750138
-216.20776,2000,631.866915
-242.70103,2000,632.280316
-255.8023,2000,637.842731
-247.42194,2000,637.873081
-236.55928,2000,637.994839
-248.08318,2000,638.423806
-133.82092,56,638.560661
-116.13675,50,638.675217
-134.81905,61,638.813966
-115.29324,55,638.939785
-134.80978,61,639.08979
-115.42107,51,639.222077
-116.096085,50,640.332925
-152.0563,166,641.176484
-251.41151,2000,644.566855
-247.78227,2000,644.567179
-252.59235,2000,644.567314
-252.77039,2000,644.870472
-252.56944,2000,649.034895
-247.76845,2000,649.03519
-247.77087,2000,649.035293
-251.58955,2000,649.39909
-250.16614,2000,654.138228
-245.2714,2000,654.138665
-248.01122,2000,654.138804
-250.38515,2000,654.489637
-248.4938,2000,659.468764
-254.84245,2000,659.469039
-246.98398,2000,659.469425
-238.34572,2000,659.907282
-247.74358,2000,665.894758
-247.70724,2000,665.895134
-247.83266,2000,665.89526
-247.98407,2000,665.895484
-252.29224,2000,669.557597
-250.31317,2000,669.557899
-247.61835,2000,669.558014
-247.64345,2000,669.558089
-252.34256,2000,675.681615
-242.86838,2000,675.681979
-235.51831,2000,675.682212
-249.29935,2000,675.682365
-260.82294,2000,680.956345
-238.2454,2000,680.956726
-250.10127,2000,680.956838
-242.96495,2000,680.956907
-249.26338,2000,688.492021
-247.25684,2000,688.492351
-212.65025,2000,688.492543
-247.32047,2000,688.492681
-250.62796,2000,692.096644
-246.38324,2000,692.096995
-251.30595,2000,692.097186
-245.9932,2000,692.097274
-135.16647,56,692.253549
-118.707016,61,692.38871
-118.004814,56,692.511496
-128.1526,173,692.511812
-127.28254,163,692.841719
-159.24654,207,692.939169
-123.749725,60,692.979355
-129.8571,114,693.189853
-125.74677,101,693.20419
-130.84085,121,693.460401
-119.18004,57,693.594593
-120.43099,61,693.724463
-134.62256,159,694.050252
-134.54842,164,694.408411
-128.84561,159,694.741922
-129.60039,65,694.882626
-128.25247,63,695.018734
-117.998375,56,695.139268
-125.682106,55,695.267885
-124.960556,61,695.40193
-119.06836,59,695.54191
-128.02303,57,695.663624
-125.74968,55,695.776567
-129.1488,58,695.90712
-150.65529,159,696.249775
-129.92244,65,696.403608
-244.68752,2000,696.479609
-248.30508,2000,696.479907
-130.14273,120,697.659282
-238.61522,2000,698.635544
-153.54031,2000,702.41032
-228.94511,2000,702.410753
-247.89307,2000,703.583126
-163.43091,330,704.243364
-125.109344,65,704.387218
-251.31909,2000,704.421281
-136.18645,96,704.606111
-247.07167,2000,709.070315
-247.90668,2000,709.070717
-245.53268,2000,709.070897
-247.31938,2000,709.070997
-249.81937,2000,713.218739
-244.5043,2000,713.219051
-248.00676,2000,713.219152
-244.82552,2000,713.219221
-126.32773,45,713.354824
-288.86865,1264,717.052641
-189.67133,466,718.023645
-247.74286,2000,718.591156
-204.2184,2000,718.591517
-255.57465,2000,718.68674
-117.84573,61,718.726346
-177.92967,368,718.806711
-120.77309,82,718.906267
-122.04334,60,719.044517
-120.42385,44,719.149388
-125.22661,91,719.34282
-120.11762,65,719.488621
-120.15567,79,719.654656
-185.02887,425,719.744334
-119.27246,80,719.830286
-121.03274,80,720.002865
-117.74564,41,720.093819
-119.89604,88,720.303732
-120.42318,44,720.403257
-123.74825,48,720.512589
-119.08336,43,720.606448
-183.0997,410,720.674367
-120.65967,86,720.802248
-120.92151,76,720.973169
-122.88389,86,721.1588
-121.26207,57,722.278621
-251.79485,2000,723.89819
-257.62512,2000,724.000501
-258.51126,2000,726.230788
-248.26917,2000,730.329355
-249.67863,2000,730.32971
-249.55157,2000,730.329901
-248.66539,2000,730.329998
-251.12659,2000,734.070133
-249.73343,2000,734.070442
-249.63568,2000,734.070631
-248.44807,2000,734.070738
-127.23145,40,734.165007
-129.19498,41,734.172632
-138.7809,78,734.251745
-130.91306,40,734.266058
-252.68365,2000,739.700366
-254.78043,2000,739.818867
-247.79843,2000,739.927219
-198.3889,2000,739.943564
-249.36002,2000,744.975848
-238.04231,2000,745.078053
-135.33072,48,745.100408
-249.67708,2000,745.1669
-245.84953,2000,745.180804
-135.70639,99,745.30805
-248.08997,2000,752.217628
-247.73186,2000,752.217918
-247.5662,2000,752.218009
-248.01993,2000,752.218085
-247.91109,2000,756.101816
-247.91576,2000,756.102183
-248.94814,2000,756.102378
-248.64688,2000,756.102577
-309.86612,1789,760.874771
-138.9689,150,761.170006
-238.12178,2000,761.297865
-252.49406,2000,761.298166
-248.44392,2000,761.298302
-249.6039,2000,766.950362
-245.93776,2000,767.086366
-243.49979,2000,767.086776
-242.83865,2000,767.086902
-141.14508,131,767.356202
-130.21268,163,767.711107
-141.12424,131,767.982724
-130.81752,143,768.272479
-140.74088,131,768.552788
-140.34819,130,768.82475
-141.59482,135,769.132549
-249.53633,2000,772.80979
-249.48172,2000,772.810106
-247.58598,2000,772.810228
-249.51251,2000,772.810317
-249.58849,2000,776.526552
-249.50545,2000,776.526857
-247.9688,2000,776.526949
-247.62372,2000,776.52702
-241.00153,2000,782.283261
-236.6722,2000,782.28362
-242.98166,2000,782.283767
-244.34373,2000,782.283869
-128.21463,93,782.502598
-249.81639,2000,787.418868
-241.34636,2000,787.41923
-249.6878,2000,787.4196
-132.06427,41,787.510064
-241.81671,2000,787.629711
-249.54494,2000,794.719805
-248.07217,2000,794.72015
-249.69522,2000,794.720343
-248.12227,2000,794.720577
-248.07555,2000,798.356864
-249.57071,2000,798.35718
-249.50476,2000,798.357289
-248.0734,2000,798.357497
-145.15637,122,798.633273
-250.878,2000,803.809222
-249.0485,2000,803.809587
-238.84767,2000,803.809759
-248.87952,2000,804.126687
-120.147644,40,804.231702
-122.130615,78,804.447239
-129.8925,43,804.58002
-121.18758,84,804.809778
-129.89357,43,804.933069
-123.720825,95,805.187091
-124.51111,38,805.297323
-122.685524,83,805.477035
-127.21694,40,805.565838
-126.91338,133,805.837503
-129.94604,43,805.929097
-129.88329,43,806.026934
-129.89288,43,806.120797
-123.327065,87,806.309961
-123.40901,90,806.50136
-128.97974,42,806.593239
-123.805954,95,806.792387
-121.03725,79,806.950029
-122.14277,81,807.120411
-129.97351,43,807.220316
-129.89682,43,807.315953
-123.39511,90,807.517095
-123.02477,92,808.695047
-250.11433,2000,809.373552
-244.00867,2000,809.373872
-249.23515,2000,809.374006
-156.63356,201,809.796047
-126.09284,40,809.883057
-126.09419,40,809.979208
-171.80289,333,810.704608
-155.70946,197,811.126601
-123.75607,40,811.215895
-250.0062,2000,815.077597
-252.4806,2000,815.077981
-253.21565,2000,815.078161
-252.46187,2000,815.078287
-249.95303,2000,819.372159
-250.17781,2000,819.372486
-249.9328,2000,819.372698
-249.97125,2000,819.372847
-155.60414,181,819.75421
-157.50546,209,820.199279
-154.94214,179,820.575169
-123.70464,40,820.666562
-123.699776,40,820.758731
-123.69522,40,820.852296
-254.40265,2000,824.551224
-247.93867,2000,824.551604
-245.92741,2000,824.551807
-240.42717,2000,825.940362
-136.31528,50,826.056408
-135.89938,51,827.129626
-256.78455,1014,827.588032
-176.20161,365,828.354496
-184.82497,431,829.481681
-235.85988,2000,829.975012
-247.51628,2000,829.97536
-254.29602,2000,831.977163
-247.27304,2000,836.952726
-250.11862,2000,836.953091
-249.87921,2000,836.953217
-247.558,2000,836.953288
-247.43248,2000,840.567796
-250.0961,2000,840.568137
-249.88292,2000,840.568278
-247.31578,2000,840.568398
-119.614426,46,840.692383
-246.4723,2000,846.427116
-246.07365,2000,846.427521
-248.29807,2000,846.427917
-241.47847,2000,846.535396
-245.96204,2000,851.536852
-232.40698,2000,851.537163
-245.2711,2000,851.537407
-248.10333,2000,851.636845
-250.23016,2000,857.812256
-250.45683,2000,857.812692
-250.22029,2000,857.812825
-249.64244,2000,857.812945
-250.24373,2000,861.47215
-249.02576,2000,861.472511
-249.89009,2000,861.472645
-246.32632,2000,861.472923
-124.47397,181,861.898002
-248.13937,2000,866.622116
-248.26567,2000,866.622476
-240.41562,2000,866.622714
-250.08673,2000,866.992487
-249.24803,2000,872.531063
-250.36278,2000,872.531412
-252.87332,2000,872.531599
-227.25586,2000,872.945207
-249.8147,2000,878.217891
-249.9422,2000,878.21821
-249.76782,2000,878.218323
-249.89433,2000,878.218449
-249.83707,2000,882.424795
-248.74908,2000,882.425065
-249.7943,2000,882.425284
-248.70926,2000,882.425476
-141.02805,49,883.671912
-251.21338,2000,887.646387
-249.97464,2000,887.646745
-225.75687,2000,887.64689
-240.35704,2000,887.759223
-256.15973,2000,892.798368
-249.32768,2000,892.79869
-247.3807,2000,892.798815
-232.41992,2000,892.90131
-135.64507,56,892.922422
-250.1559,2000,900.171022
-254.37338,2000,900.171305
-249.95244,2000,900.171399
-248.51822,2000,900.171493
-250.13892,2000,903.712148
-250.16302,2000,903.712542
-250.15402,2000,903.71277
-254.56874,2000,903.712878
-124.6557,40,903.820492
-130.72324,44,903.836118
-244.51897,2000,909.630051
-232.96289,2000,909.630372
-246.6058,2000,909.715919
-249.43657,2000,909.731637
-249.08647,2000,914.735236
-226.74744,2000,914.735601
-255.19647,2000,914.827634
-250.23979,2000,914.843589
-249.60037,2000,920.855756
-249.95743,2000,920.856065
-249.86133,2000,920.856177
-249.84674,2000,920.85626
-256.21924,2000,924.758095
-249.83203,2000,924.758453
-250.11519,2000,924.758636
-251.16875,2000,924.758717
-119.102,47,924.87447
-323.1433,1976,929.793722
-246.85754,2000,929.853228
-249.07698,2000,929.853594
-244.76184,2000,929.955498
-202.58488,2000,935.610742
-246.74582,2000,935.669577
-249.37872,2000,935.669922
-249.47624,2000,935.772425
-126.61278,96,935.97362
-139.66125,206,936.42303
-126.01906,107,937.636252
-131.12411,50,937.73818
-247.45297,2000,942.436964
-247.61847,2000,942.437274
-247.61417,2000,942.437381
-247.70187,2000,942.437473
-249.02795,2000,946.461212
-247.42906,2000,946.461579
-247.43533,2000,946.461742
-247.59698,2000,946.461831
-255.6615,2000,951.968598
-220.67125,2000,951.96895
-237.1929,2000,951.969077
-245.66974,2000,951.969163
-136.25111,56,952.107058
-141.09053,69,952.144536
-136.12811,56,952.238563
-140.65561,65,952.290329
-129.42686,54,952.41214
-123.468994,42,952.501382
-296.77966,1491,956.261181
-129.16064,72,956.408695
-248.71495,2000,957.070662
-244.60057,2000,957.07098
-248.38792,2000,957.552164
-246.95892,2000,963.575095
-246.62355,2000,963.575522
-249.49954,2000,963.575692
-247.18617,2000,963.575773
-249.27982,2000,967.233729
-247.08044,2000,967.234032
-249.49179,2000,967.234144
-247.57428,2000,967.234226
-253.51323,2000,972.788468
-246.93677,2000,972.788794
-243.88016,2000,972.788912
-242.78995,2000,972.788985
-247.85788,2000,978.124804
-228.1159,2000,978.125268
-233.44778,2000,978.125607
-235.5328,2000,978.125808
-246.14508,2000,985.078009
-246.24796,2000,985.078349
-233.08282,2000,985.078509
-243.67879,2000,985.07861
-230.90936,2000,989.120217
-230.96713,2000,989.120568
-249.61502,2000,989.1208
-240.69463,2000,989.120952
-136.98253,55,989.256196
-209.77994,2000,994.345644
-243.64421,2000,994.346039
-250.7804,2000,994.346174
-228.8876,2000,994.467731
-239.30289,2000,1000.025021
-207.09222,2000,1000.025393
-250.17912,2000,1000.025631
-232.5538,2000,1000.181271
-129.11372,73,1002.344117
-232.98221,2000,1005.751745
-232.78894,2000,1005.752068
-243.1447,2000,1005.75224
-129.52708,72,1005.883627
-229.26543,2000,1005.892457
-127.85092,74,1006.032604
-129.724,71,1006.166267
-129.61327,72,1006.302922
-126.38821,67,1006.434357
-233.27588,2000,1009.389087
-226.70924,2000,1009.389482
-232.76454,2000,1009.564639
-230.91783,2000,1010.168928
-228.7876,2000,1015.194018
-243.94125,2000,1015.194386
-138.14801,56,1015.315973
-233.75949,2000,1015.353954
-137.87282,56,1015.444205
-137.58871,55,1015.574576
-225.52129,2000,1015.984469
-132.49057,44,1016.079348
-213.83629,2000,1020.40145
-234.69391,2000,1020.555635
-236.45958,2000,1020.759028
-243.65558,2000,1021.265372
-122.56509,65,1021.402117
-123.942215,61,1021.53262
-125.62261,59,1021.65403
-127.03257,62,1021.780084
-239.11145,2000,1027.792423
-233.25754,2000,1027.792824
-244.86905,2000,1027.793016
-238.94469,2000,1027.793152
-231.2295,2000,1031.419538
-238.96861,2000,1031.419861
-231.13411,2000,1031.419979
-239.06102,2000,1031.420061
-249.60315,2000,1036.573926
-248.62074,2000,1036.574261
-257.22638,2000,1036.574395
-226.20691,2000,1036.574483
-140.80798,44,1036.695725
-140.78856,44,1036.815045
-140.7893,44,1036.934883
-140.6424,44,1037.061383
-140.88133,44,1037.192274
-231.5711,2000,1042.355351
-250.23508,2000,1042.35572
-247.95201,2000,1042.355841
-133.86397,52,1042.490155
-259.30136,2000,1042.830902
-232.58557,2000,1047.96803
-244.87056,2000,1047.968336
-232.75041,2000,1047.968475
-243.8205,2000,1047.968585
-233.25204,2000,1052.309402
-231.3485,2000,1052.309808
-232.10562,2000,1052.309967
-228.47543,2000,1052.310064
-243.69077,2000,1057.408035
-242.53867,2000,1057.408413
-232.33696,2000,1057.408625
-228.17671,2000,1057.408723
-241.56891,2000,1062.405213
-232.94073,2000,1062.405531
-252.09369,2000,1062.405657
-238.52243,2000,1062.40575
-126.47634,44,1062.531302
-122.74068,103,1062.700789
-124.48139,93,1062.956346
-123.96222,106,1063.20987
-225.29396,2000,1068.8874
-224.67816,2000,1068.887741
-224.79842,2000,1068.887857
-222.50998,2000,1068.887924
-224.88673,2000,1072.618315
-232.39247,2000,1072.618725
-227.7228,2000,1072.618928
-224.57631,2000,1072.619056
-127.707436,41,1072.730338
-141.3934,44,1072.744419
-226.873,2000,1078.428534
-233.85481,2000,1078.428942
-245.57812,2000,1078.521799
-247.48833,2000,1078.535309
-227.3066,2000,1083.641854
-247.62244,2000,1083.642188
-246.42584,2000,1083.733429
-229.53403,2000,1083.747271
-241.75902,2000,1091.08594
-225.01035,2000,1091.086243
-227.96725,2000,1091.086357
-242.027,2000,1091.086444
-230.3352,2000,1094.869208
-229.50209,2000,1094.869561
-224.83974,2000,1094.86967
-225.36952,2000,1094.869744
-139.03236,153,1095.186822
-236.10092,2000,1099.978701
-240.3293,2000,1099.979053
-242.25563,2000,1099.979205
-132.93384,60,1100.116181
-132.98816,60,1100.247597
-247.3852,2000,1100.319206
-127.18256,52,1100.365424
-125.41066,50,1100.477009
-242.5733,2000,1105.835178
-226.45883,2000,1105.83559
-137.0785,46,1105.934742
-233.6354,2000,1106.171339
-245.06104,2000,1106.330702
-161.07355,463,1107.125569
-235.09026,2000,1111.545413
-232.21352,2000,1111.545779
-240.4464,2000,1111.545908
-227.05473,2000,1111.545985
-233.11923,2000,1115.366179
-224.20132,2000,1115.366533
-233.68385,2000,1115.366657
-227.9267,2000,1115.36683
-236.3113,2000,1121.021743
-214.671,2000,1121.02209
-235.50519,2000,1121.022291
-246.03401,2000,1121.022629
-136.08118,46,1121.12479
-119.37649,96,1121.232161
-236.41534,2000,1126.112317
-249.9434,2000,1126.112747
-246.46683,2000,1126.208155
-242.37134,2000,1126.31924
-241.97285,2000,1133.429036
-229.3673,2000,1133.4295
-229.75162,2000,1133.4297
-233.99458,2000,1133.429821
-241.38559,2000,1136.912354
-236.78726,2000,1136.912679
-242.88692,2000,1136.912871
-232.60162,2000,1136.913008
-124.095695,42,1137.037074
-132.14282,125,1137.219823
-133.4911,56,1137.356427
-252.05173,2000,1142.833119
-243.10342,2000,1142.833392
-243.1844,2000,1142.928365
-251.6087,2000,1143.252672
-244.48013,2000,1148.120717
-216.52905,2000,1148.12107
-246.85019,2000,1148.2153
-248.82893,2000,1148.510318
-226.80405,2000,1153.768022
-227.29031,2000,1153.768358
-230.14099,2000,1153.768508
-226.6224,2000,1153.768604
-227.9007,2000,1158.042932
-226.02629,2000,1158.043267
-226.9482,2000,1158.043372
-227.72588,2000,1158.04354
-229.16473,2000,1163.188622
-236.46793,2000,1163.188983
-241.67282,2000,1163.18917
-234.33994,2000,1163.189285
-135.02618,59,1163.321223
-245.1447,2000,1168.569016
-244.3971,2000,1168.569345
-250.91847,2000,1168.569502
-248.04846,2000,1168.729035
-208.93301,693,1171.509531
-233.43951,2000,1175.702892
-233.94495,2000,1175.703209
-232.75308,2000,1175.703313
-239.68411,2000,1175.703381
-237.4702,2000,1179.265147
-235.55324,2000,1179.265578
-222.94026,2000,1179.265778
-236.07346,2000,1179.265908
-156.31961,185,1179.660554
-117.80269,51,1179.77387
-117.77425,51,1179.883834
-119.21338,55,1180.001083
-230.27255,2000,1185.018972
-243.26303,2000,1185.01927
-217.34933,2000,1185.019373
-122.35832,52,1185.138605
-236.54654,2000,1185.739945
-231.74826,2000,1190.105366
-217.588,2000,1190.10575
-243.0384,2000,1190.218468
-150.09755,237,1190.712975
-235.10341,2000,1190.822488
-233.6758,2000,1196.670873
-231.07516,2000,1196.671185
-232.49493,2000,1196.6713
-231.12529,2000,1196.67137
-223.2463,2000,1200.255807
-229.01895,2000,1200.256161
-228.01813,2000,1200.256308
-229.98477,2000,1200.256574
-265.33234,2000,1205.456136
-248.4438,2000,1205.456489
-244.4394,2000,1205.456755
-247.23262,2000,1205.456914
-216.03374,2000,1211.287647
-249.4684,2000,1211.28799
-238.91835,2000,1211.288167
-241.24326,2000,1211.288349
-243.42542,2000,1217.82093
-226.60458,2000,1217.821235
-227.57547,2000,1217.821343
-224.5357,2000,1217.821414
-237.63217,2000,1222.065987
-229.37392,2000,1222.066289
-228.90717,2000,1222.066446
-226.55873,2000,1222.066555
-131.84749,96,1222.395179
-218.13835,2000,1227.341154
-227.14162,2000,1227.341555
-217.02654,2000,1227.341746
-243.49086,2000,1227.55438
-137.34235,162,1227.701849
-124.58286,83,1227.7435
-130.45357,75,1227.904279
-123.393776,62,1228.0346
-128.72935,69,1228.176268
-124.72621,59,1228.305849
-231.69856,2000,1231.546115
-246.27277,2000,1231.546422
-127.30213,55,1232.693477
-239.60878,2000,1233.010234
-238.35031,2000,1233.763937
-225.74269,2000,1239.060627
-227.74303,2000,1239.061018
-224.89554,2000,1239.06115
-219.70198,2000,1239.061232
-224.07495,2000,1242.719837
-219.88177,2000,1242.720176
-200.38692,2000,1242.720347
-224.1287,2000,1242.720534
-138.5085,45,1242.832241
-138.22234,47,1242.84371
-222.54967,2000,1248.586299
-232.92816,2000,1248.586655
-232.05461,2000,1248.718169
-247.43597,2000,1248.729602
-131.68356,66,1248.787998
-120.461464,66,1248.950871
-131.88629,90,1249.140124
-142.55333,201,1249.199888
-125.996925,45,1249.295779
-130.85722,87,1249.333909
-124.2766,39,1249.419396
-130.23535,47,1249.530659
-132.04283,66,1249.666376
-119.90326,59,1249.789251
-120.52895,66,1249.923907
-117.95485,83,1250.092366
-124.08855,39,1250.176383
-129.51253,46,1250.27311
-129.51239,46,1250.372867
-121.21904,75,1250.544857
-129.01402,45,1250.642048
-123.65081,38,1250.736095
-132.93973,63,1250.887082
-132.0124,66,1251.033831
