#{"t_start": 1766934664.6497912, "env_id": "BipedalWalkerHardcore-v3"}
r,l,t
-119.694893,78,12.903132
-116.280294,126,13.067059
-103.657313,2000,15.612004
-99.804386,2000,36.981455
-99.429514,50,37.73422
-105.301767,2000,61.233687
-102.387757,64,61.98544
-89.075878,2000,85.341274
-123.363728,1277,100.280532
-134.051074,96,101.732335
-106.077275,506,107.65679
-118.399465,61,108.406556
-122.918208,83,109.185292
-119.604909,68,109.936671
-117.461409,60,110.688287
-127.642279,77,111.460134
-138.729002,301,115.209477
-99.038741,2000,138.689166
-104.489718,453,143.958042
-96.351544,357,148.388414
-117.383272,110,149.870754
-120.189104,105,150.702766
-95.923275,269,153.679728
-101.512497,120,155.171332
-118.617808,887,165.648683
-101.950889,353,170.115565
-85.2797,183,172.311573
-102.947724,149,173.854569
-101.915446,213,176.148571
-96.533202,219,179.072299
-113.229119,476,184.388204
-111.905229,184,186.682958
-115.557473,190,188.980011
-110.112885,422,194.201196
-96.22164,575,200.358325
-109.889622,208,203.255235
-104.935157,546,209.336797
-116.965935,696,217.72465
-108.549922,547,224.559579
-89.366026,451,229.910841
-89.3145,223,232.210662
-112.286406,525,238.280593
-90.764789,924,249.771761
-95.438304,276,252.83374
-114.816202,465,258.199585
-144.022393,2000,282.583552
-88.457867,2000,306.434958
-111.299757,2000,330.10901
-149.357273,2000,353.431047
-87.745117,2000,377.719534
-160.734965,1257,392.399205
-93.445779,141,394.618894
-84.395396,242,396.976039
-89.888297,548,403.713943
-57.047076,618,411.207627
-76.773658,448,416.396718
-98.745365,359,420.291285
-82.017343,674,428.527514
-88.729996,265,431.595985
-85.263758,2000,454.982337
-67.227133,1130,468.478637
-69.390387,568,475.163486
-103.584072,564,481.347272
-61.349307,936,492.632596
-98.393325,326,496.372205
-97.147124,408,501.549824
-100.249136,393,506.128638
-87.901578,282,509.204881
-89.397374,550,515.945834
-113.656183,476,521.242149
-97.954348,1249,536.21999
-105.327163,487,541.618327
-86.211701,295,545.270993
-94.592673,297,548.331127
-68.137683,888,558.846071
-29.743207,2000,591.478708
-64.486012,2000,615.011693
-74.947048,962,626.30374
-144.284395,1393,642.724725
-85.088059,319,646.472736
26.897287,2000,669.766603
-103.57676,323,673.545985
-65.448375,711,681.829232
-90.73646,392,686.396437
-71.504037,999,698.384548
-13.69323,2000,721.517775
-170.119902,1840,743.079448
-61.766081,2000,766.31917
-60.248947,2000,789.643025
-75.377322,1376,806.077516
-102.136127,446,811.322913
-102.863918,1447,827.786869
-97.265605,328,831.571202
-130.457108,678,839.709349
-76.239679,2000,863.004839
-134.552368,2000,886.779122
-81.656314,2000,910.099879
-57.843157,2000,933.523007
-97.516664,322,937.252287
-92.105619,266,940.254974
-41.914255,2000,963.401099
-134.587399,775,973.046597
-96.547619,278,976.055068
-95.760617,308,979.802774
-15.358147,2000,1002.932677
-92.052077,394,1007.414613
-101.119627,301,1011.097314
-113.228637,2000,1034.281497
-40.66698,1135,1047.653612
-49.984102,2000,1071.001842
-59.545856,2000,1094.300323
-123.524073,2000,1118.406148
153.982977,2000,1141.633413
-62.046214,555,1148.372895
-168.828595,1774,1168.652114
-35.45388,839,1187.416504
-98.841657,250,1190.423754
-114.584229,223,1193.40071
-66.295279,1019,1205.422672
-97.330133,212,1207.732601
-50.322927,2000,1231.098139
-75.113943,2000,1254.408822
-49.631235,772,1264.057913
-92.754019,231,1266.388926
-55.551465,955,1277.655899
-67.0432,2000,1300.991796
-90.580048,2000,1325.010889
-51.731209,2000,1348.331745
-45.012745,946,1359.593545
-107.391496,330,1363.296065
-91.207324,2000,1386.533163
-87.521418,241,1389.509888
-90.837931,2000,1412.839042
-92.404786,226,1415.820601
-51.125189,995,1427.267299
-99.742632,547,1434.019717
-110.149134,243,1436.35653
-58.980907,2000,1460.325891
-85.159553,544,1466.397059
-15.429119,1329,1482.214731
-16.985034,2000,1505.468847
-86.675926,2000,1528.764545
-26.039823,838,1539.174502
-57.410057,2000,1562.58249
-57.013853,2000,1585.854493
-74.000383,2000,1609.193905
-82.915635,321,1612.9591
-54.005899,2000,1636.936326
-55.66366,2000,1660.242645
-49.083423,2000,1683.66549
-53.953128,2000,1707.00923
-86.943104,136,1708.626727
-122.165817,311,1712.371729
-97.901372,2000,1736.592876
-80.009372,2000,1760.078372
-21.404198,2000,1794.205178
-112.892944,1412,1810.786869
-67.791126,290,1814.457203
177.699267,2000,1837.980863
36.444037,1657,1857.94932
-57.974822,2000,1881.381204
-131.035754,569,1888.184458
-49.219902,656,1895.832948
-87.03989,124,1897.330866
-50.321774,628,1904.863803
-76.610109,274,1907.914505
-52.634969,472,1913.931137
-92.035207,215,1916.261639
-7.263814,742,1925.182309
-65.84854,2000,1948.508151
-84.809955,129,1950.01932
152.427951,2000,1973.263385
-33.794366,455,1978.556434
-59.538006,2000,2001.937688
-96.106933,216,2004.915275
-41.824022,2000,2028.313342
-79.977241,587,2035.032946
-58.288925,318,2038.823677
-45.929864,2000,2062.192992
-92.083507,211,2065.141256
-22.699414,2000,2088.477393
-19.623673,1819,2109.729718
-47.123557,473,2115.612607
-68.154189,219,2117.911464
-66.041581,240,2120.913563
-53.696578,2000,2144.253605
-33.879938,710,2152.574149
-102.294105,101,2154.049791
-88.633255,140,2155.651011
-49.733927,2000,2179.109192
-6.115308,1008,2191.07952
-118.036765,540,2197.799295
-69.959269,2000,2221.184888
-48.650801,328,2224.943845
-9.662856,683,2233.166067
-99.151053,432,2237.792887
-91.647144,158,2239.995705
-31.377272,708,2248.249359
-93.775476,210,2250.521549
130.815236,2000,2273.895452
-91.097676,182,2276.135513
-7.94677,2000,2299.474834
-27.645372,2000,2323.363549
-120.168384,573,2330.1683
-67.038768,2000,2353.554174
-62.120417,414,2358.100494
-90.748776,209,2361.009598
-14.635028,2000,2395.245779
-89.246403,2000,2418.819456
-10.476058,1024,2430.886599
-65.95181,415,2436.185278
-54.927533,310,2439.293751
-86.062846,165,2441.521914
-22.331407,2000,2464.914962
-37.122012,583,2471.772616
-113.81119,638,2479.338609
43.290869,2000,2503.369703
-67.68936,337,2507.099555
79.821483,2000,2530.454947
-48.444141,2000,2553.847407
-95.028763,2000,2578.028047
-58.205269,384,2582.612431
31.931826,1111,2595.502018
-45.887544,2000,2618.868413
176.405227,2000,2642.996179
-21.092296,806,2652.121512
-97.869172,2000,2675.383962
-53.865904,380,2679.84966
-94.591363,184,2682.114023
-29.833618,512,2688.050306
9.795614,845,2697.895617
4.337534,2000,2721.999306
-51.434083,2000,2745.439203
-95.005571,187,2747.727786
163.268466,2000,2771.155331
-31.757785,374,2775.641673
-45.817252,353,2779.56413
-107.118967,2000,2803.64958
-43.58858,524,2809.699106
8.526787,2000,2833.234185
18.239917,840,2843.128819
-40.702246,516,2849.214424
-8.919146,520,2855.248591
-26.55997,2000,2879.275455
-108.603256,1697,2899.009668
60.978387,2000,2922.366287
-92.411588,164,2924.600611
-12.056727,718,2932.859607
-82.800526,271,2935.911197
115.220504,2000,2959.875911
-150.178119,1210,2986.251444
19.265289,750,2994.544282
-61.581409,2000,3018.523726
-92.163807,136,3020.050049
-65.439536,315,3023.869552
-95.969691,164,3025.446301
86.584772,2000,3048.741263
-53.539232,2000,3072.679935
-65.240356,485,3077.978781
-56.562526,2000,3101.483028
264.087313,1617,3120.862486
-36.437085,2000,3144.25512
-88.294269,507,3150.289323
-27.454286,2000,3173.592974
36.133743,2000,3197.000058
-128.273991,2000,3220.884507
-86.09754,2000,3244.255863
-24.597173,2000,3267.503284
-49.056083,2000,3290.698604
-52.770478,2000,3314.634774
-18.116469,621,3321.450658
120.012424,1846,3343.071851
29.923025,2000,3366.41197
-95.46852,166,3368.648879
-47.340819,314,3372.375562
147.442561,2000,3395.683893
-96.056491,223,3398.66977
-35.238906,2000,3422.005906
-16.697904,674,3429.484884
3.770084,2000,3453.238942
-131.834444,826,3463.017209
223.283456,2000,3486.19904
-15.630086,1986,3509.521042
-43.866593,693,3517.670581
-50.934213,694,3525.908242
-58.713877,406,3530.499655
-141.511744,2000,3553.821673
-55.43715,2000,3580.006102
-69.537651,252,3582.952394
269.819775,1593,3601.577672
-81.029211,375,3606.140774
31.497411,2000,3629.567107
60.210693,1657,3649.133585
155.732763,2000,3673.078274
32.728203,2000,3696.376623
-64.894628,670,3703.919771
-13.167339,1062,3716.64771
-107.583861,1050,3728.861973
-86.925255,2000,3752.227227
1.43608,2000,3776.277971
-91.348773,205,3778.537037
-37.220893,384,3782.95189
-55.756257,2000,3806.240948
-139.491778,1082,3818.955281
-14.748877,2000,3842.053748
-74.53593,2000,3866.000422
200.576298,2000,3889.296341
42.686411,2000,3912.629497
22.019511,2000,3936.052891
-44.00814,393,3940.577052
-11.118284,488,3946.531203
-75.280433,585,3953.346242
-27.060337,2000,3977.128333
53.106364,2000,4000.354457
-31.004888,2000,4023.606212
-24.113874,2000,4046.964679
-65.159508,237,4049.922807
-65.411051,2000,4073.152445
280.230321,1300,4088.689979
283.36519,1243,4102.945287
19.912863,2000,4126.129771
-61.338058,2000,4149.442532
-22.738977,2000,4183.629857
-20.229702,471,4189.057734
-23.852214,2000,4213.112463
21.692142,2000,4237.403363
-53.79364,448,4242.727222
85.574958,903,4253.563516
-61.312948,2000,4277.232779
63.465792,2000,4300.818567
-10.710997,377,4305.352095
273.914275,1449,4322.762086
-100.451872,179,4324.334374
118.647252,2000,4348.727063
-120.46097,435,4353.981354
82.314858,2000,4377.462631
90.037233,2000,4401.175776
-34.967912,2000,4425.20428
29.363895,777,4434.294607
-76.976223,254,4437.29691
139.342684,1306,4453.264188
-50.970408,2000,4476.978738
3.249134,2000,4500.580749
-23.378922,2000,4524.914687
-21.597134,405,4529.578207
170.255495,2000,4553.409473
31.341169,794,4563.24002
-61.613432,2000,4586.73731
286.928249,1323,4602.009803
-75.40786,236,4604.963741
-50.28676,2000,4628.552382
-105.733933,84,4630.011485
-71.952863,425,4634.62993
-3.664439,1013,4646.809906
4.10159,687,4655.214235
-55.507652,2000,4678.792943
-66.550563,1025,4690.988883
6.848096,585,4697.835812
-82.887273,105,4699.358393
156.271848,2000,4722.865158
-30.820136,2000,4746.336304
31.526489,616,4753.936276
205.180778,2000,4789.598471
112.639546,1114,4803.35269
54.256832,2000,4827.14304
104.963339,2000,4850.755792
287.901684,1329,4866.580129
187.341898,2000,4890.232681
-74.992494,225,4893.239334
274.592035,1448,4910.155671
51.107198,2000,4934.418636
28.21782,656,4941.993735
-0.015741,2000,4965.66608
57.70541,2000,4989.399569
-66.923393,2000,5013.573644
-23.70092,2000,5037.223858
-42.743457,469,5042.562999
59.925862,729,5051.650841
-82.677528,238,5054.012086
41.728111,2000,5078.343168
94.908495,2000,5102.008686
53.862437,2000,5125.70046
271.425492,1575,5144.897521
-23.902409,2000,5168.677324
137.448281,1483,5186.465234
180.675724,2000,5210.145034
283.165096,1305,5226.178831
101.020619,2000,5249.996257
65.115139,2000,5274.300515
68.717669,2000,5298.802076
-7.703021,2000,5322.421625
266.871361,1715,5342.903438
4.864181,567,5349.118137
10.041937,2000,5383.816661
54.431282,2000,5407.398511
-68.671024,527,5413.474031
-49.49431,2000,5437.036911
-60.868951,2000,5461.437498
-3.55727,868,5471.52037
283.633081,1311,5487.533362
68.67257,2000,5511.287484
284.420701,1286,5526.390267
2.698591,2000,5550.127716
-85.318874,2000,5574.551018
280.533298,1362,5590.783096
-90.465084,1548,5609.263179
277.899149,1422,5625.978698
1.823035,2000,5649.613858
12.195577,2000,5673.648382
-73.117278,2000,5697.178509
-40.729676,476,5702.595375
-2.039385,2000,5726.870974
-19.502662,422,5731.530137
98.917745,2000,5755.784255
-63.743681,2000,5779.439323
-50.648807,2000,5803.119236
-55.476644,2000,5826.62778
-84.748073,1362,5843.151415
5.135773,2000,5866.510214
57.402151,2000,5890.10011
-12.735048,2000,5913.70843
-68.26766,522,5919.777877
153.412047,2000,5943.977958
125.591799,2000,5967.421946
240.753014,2000,6002.944475
-44.917037,2000,6026.155994
56.59245,1831,6047.847079
-81.100758,2000,6071.13062
-49.539525,2000,6095.131487
153.081536,2000,6118.336047
31.796834,2000,6142.258193
103.564536,2000,6165.761645
-42.913889,445,6171.097284
-61.785052,2000,6195.470254
52.634517,2000,6219.228884
21.500578,1033,6231.297325
-27.931091,355,6235.114847
291.310276,1177,6249.47212
15.513494,596,6256.356204
35.773492,2000,6279.900602
-82.464623,239,6282.898103
185.039716,2000,6306.415081
269.23224,1469,6323.859087
-40.857268,2000,6348.270105
290.117096,1179,6362.061611
292.438976,1174,6375.733692
36.686019,2000,6400.068247
-75.502915,2000,6423.53085
140.406317,2000,6447.001887
44.874038,2000,6470.783118
12.226829,2000,6494.759274
288.069129,1242,6509.253269
51.738296,2000,6532.783962
113.288133,2000,6557.151937
288.536268,1209,6571.180688
19.205894,2000,6606.694448
9.82366,2000,6630.336497
20.530255,614,6637.242744
208.204523,2000,6661.387212
5.962833,660,6668.987417
160.597727,2000,6692.503068
-28.43572,2000,6716.542396
205.64723,2000,6740.076872
25.399367,2000,6763.802214
106.752209,2000,6787.49573
-53.179745,2000,6811.85095
283.358047,1212,6825.813656
0.073231,2000,6850.362856
-45.201259,2000,6873.782674
11.142772,2000,6897.382645
-19.865622,1847,6919.448303
3.858656,2000,6943.083905
23.176909,783,6952.841454
-103.189858,165,6954.47716
21.808317,2000,6978.260618
284.168801,1301,6994.379846
156.643778,2000,7018.523852
-151.320793,2000,7042.463467
55.485794,2000,7066.14324
-68.302668,2000,7090.440337
23.778605,675,7098.072
46.548944,2000,7122.526477
284.114939,1264,7137.30296
193.965423,2000,7161.588283
128.650421,2000,7185.094411
-19.237275,459,7202.482697
61.150281,2000,7226.087851
117.46291,2000,7249.710505
174.411619,2000,7274.01712
228.16628,2000,7297.582772
278.092731,1315,7313.546713
274.03779,1360,7329.652802
276.821091,1333,7345.597444
153.30077,1424,7362.322947
228.581619,2000,7385.874847
43.019714,678,7394.162534
-55.154882,2000,7417.593033
284.114233,1176,7431.098965
-32.988097,2000,7455.267771
-49.38628,710,7463.577068
2.362227,2000,7486.948454
173.139844,2000,7510.306111
-3.845074,2000,7533.449419
63.752753,2000,7557.101043
-85.526368,277,7560.108981
-48.432559,2000,7583.18148
282.744003,1275,7598.062059
-11.270056,458,7603.265391
-33.877891,2000,7626.963846
228.091648,2000,7650.108874
289.89455,1211,7664.248266
15.970041,2000,7687.478221
-33.159306,321,7691.2507
-39.344595,2000,7715.335401
88.802255,2000,7739.279254
-44.180103,2000,7763.383957
130.393199,950,7774.631822
-16.672819,706,7782.774118
-17.294305,2000,7817.860869
85.147724,2000,7840.961986
210.653878,2000,7864.194849
-3.968547,501,7870.181742
-33.009808,2000,7893.342325
201.218815,2000,7917.138815
28.953962,2000,7940.37801
-19.516933,2000,7963.48168
53.516112,826,7973.207734
34.401043,2000,7996.260074
19.296789,932,8007.421396
-52.319266,673,8014.942191
-59.909885,393,8020.059876
-53.502101,440,8024.600999
32.265928,745,8033.567551
132.424445,2000,8056.863221
112.211546,1351,8072.795663
30.593652,767,8081.761829
36.656634,711,8090.744031
87.269077,2000,8114.09558
-31.621846,428,8118.685499
-25.663465,756,8127.678686
264.993496,1496,8145.636043
-31.636879,438,8150.922643
6.402727,2000,8174.179565
110.628594,2000,8197.429124
-17.951758,2000,8220.650181
288.911877,1154,8233.917515
175.989799,2000,8257.784405
279.666601,1269,8272.110431
-23.74812,2000,8295.890102
17.51008,816,8304.960152
279.841698,1254,8319.805834
290.956598,1161,8333.259053
60.167306,2000,8356.258044
-11.553356,2000,8380.164137
289.655252,1234,8407.08998
-3.952504,584,8413.804338
-34.983877,533,8419.747378
-32.374806,357,8424.181231
97.215468,1251,8438.461298
152.243939,2000,8462.321071
284.566749,1287,8477.236836
-5.889645,2000,8500.379105
-88.469511,680,8508.593128
285.676398,1308,8523.5399
16.447245,2000,8546.853572
-39.013989,2000,8570.687808
-84.416581,146,8572.200234
159.811987,2000,8595.341537
-48.297241,2000,8618.577732
-34.466633,2000,8642.500194
171.974438,2000,8665.796595
-23.950834,700,8673.980403
14.482185,2000,8697.417285
-55.081036,320,8701.185336
43.976503,611,8708.597597
-30.931074,671,8716.075788
-1.810063,2000,8739.329549
284.890857,1240,8754.1642
283.340861,1251,8768.430573
-87.002161,242,8771.413447
281.998867,1202,8785.712779
-1.494256,2000,8808.880094
15.682631,1415,8825.182039
99.81629,2000,8848.387547
130.128972,2000,8872.381775
12.043075,1564,8890.27799
88.797185,2000,8913.448815
-82.747043,1189,8927.756212
288.476397,1128,8941.235741
49.651426,2000,8964.57149
81.211752,1182,8978.165986
