#{"t_start": 1766944150.5299585, "env_id": "BipedalWalkerHardcore-v3"}
r,l,t
-102.436947,57,8.127608
-103.165556,96,8.281557
-100.868064,93,8.417666
-104.232138,2000,11.269689
-117.788652,143,11.473475
-110.905711,73,11.580106
-97.758157,122,12.520674
-97.5441,87,13.39191
-113.525585,2000,38.532553
-102.324418,79,40.044956
-116.995694,93,40.90226
-100.392155,70,41.718389
-120.467258,2000,67.764009
-128.539014,2000,93.023092
-107.846012,76,93.857235
-140.192546,2000,119.090404
-125.5758,65,119.888715
-170.397506,2000,145.360431
-114.821708,410,151.006181
-193.55583,997,163.358798
-108.872663,387,168.34114
-94.596513,361,173.286629
-112.248958,83,174.152902
-108.509602,76,175.682069
-100.698135,278,179.043161
-159.688172,2000,204.426929
-121.865284,42,205.189626
-154.43017,2000,230.551201
-183.065065,2000,256.135243
-184.993234,2000,282.333485
-145.571601,2000,307.665333
-146.832167,2000,333.009475
-142.073724,2000,358.236343
-128.290773,154,360.586627
-132.073145,2000,385.955729
-132.670512,2000,411.254559
-127.579264,2000,437.313177
-122.849389,2000,462.871427
-172.45655,1403,480.878124
-125.187328,2000,506.373443
-127.679139,763,516.215018
-126.951489,769,525.974341
-99.568354,68,526.789356
-125.732459,2000,551.94545
-124.035838,2000,577.357558
-112.593462,2000,603.753613
-103.38789,65,604.581003
-127.822879,2000,641.689082
-174.023743,1321,659.223105
-148.176457,1085,673.429247
-119.648033,2000,699.415316
-136.528265,2000,725.239488
-106.364961,454,731.120469
-163.462967,950,743.638467
-119.303776,2000,769.796323
-106.094621,2000,795.73166
-107.729411,2000,822.385184
-113.309946,2000,848.356381
-123.073681,2000,874.472784
-139.603934,2000,900.519087
-123.727372,2000,927.470814
-151.322344,1008,940.056033
-124.12599,2000,966.803689
-98.124613,2000,992.621655
-145.630872,2000,1018.438534
-101.748468,2000,1044.179155
-110.563869,2000,1070.951485
-157.846195,2000,1096.678006
-98.344063,2000,1122.425448
-89.315961,2000,1148.073901
-85.690052,2000,1174.406408
-122.310337,2000,1200.308318
-98.736811,2000,1226.216388
-125.473868,2000,1251.99205
-115.090217,2000,1278.523944
-151.142581,922,1303.408094
-148.482547,936,1315.958974
-94.757181,2000,1341.939598
-219.239643,1896,1367.029402
-141.910589,2000,1392.848364
-113.711924,2000,1418.835097
-98.065741,2000,1444.819319
-163.00706,906,1457.121505
-125.536505,607,1464.668009
-139.570746,2000,1490.495362
-134.876884,2000,1517.05084
-182.694495,2000,1542.788374
-128.788959,2000,1568.618223
-166.015136,2000,1594.384776
-138.469539,2000,1621.052135
-105.064079,2000,1646.987275
-119.161641,2000,1672.981586
-146.156706,2000,1698.960527
-111.118258,2000,1725.562701
-134.140304,2000,1751.408704
-123.352165,2000,1777.212112
-83.185256,2000,1803.123652
-150.49168,2000,1829.768546
-104.199341,2000,1855.525709
-122.847121,2000,1881.336439
-115.128797,2000,1907.148456
-100.927899,2000,1933.752372
-121.581433,2000,1973.004822
-122.204455,2000,1998.772052
-115.156226,81,1999.647888
-118.231559,2000,2025.928686
-130.037974,162,2027.634894
-148.715566,2000,2053.285066
-129.550155,668,2062.324559
-101.96735,2000,2088.385589
-163.385099,2000,2114.29811
-137.192408,2000,2140.575322
-109.85006,2000,2166.250158
-121.802177,2000,2191.652036
-125.301982,2000,2217.377508
-67.907393,2000,2243.534581
-131.662083,2000,2269.294422
-134.010092,2000,2294.994648
-73.876303,2000,2320.848833
-99.427393,2000,2347.029678
-130.056504,2000,2372.508083
-129.261014,2000,2398.319038
-129.103131,2000,2423.921921
-86.592037,2000,2450.255816
-149.681836,2000,2475.957403
-104.847314,2000,2501.485881
-129.1617,2000,2527.410851
-105.269788,157,2529.836366
-116.225905,446,2535.650663
-105.131766,207,2538.177968
-124.270834,2000,2564.054237
-75.165013,2000,2590.005858
-120.556431,2000,2630.009222
-135.329657,2000,2656.016416
-125.429187,2000,2682.067538
-125.413811,2000,2707.750844
-130.867031,2000,2734.323566
-86.425784,2000,2760.201236
-137.342887,2000,2786.063068
-89.313545,2000,2811.873821
-131.18966,2000,2838.158174
-133.315538,2000,2863.855108
-123.234083,2000,2889.478373
-107.376177,2000,2914.984473
-127.788508,2000,2941.641237
-125.678219,2000,2967.459283
-162.303802,2000,2993.245233
-196.647324,1472,3012.365996
-133.510448,2000,3038.192805
-177.449314,1261,3054.768066
-151.055538,2000,3080.498676
-132.050375,2000,3106.807643
-133.186927,2000,3132.331841
-131.89092,2000,3157.948118
-135.97471,2000,3183.771147
-139.658323,2000,3210.327398
-149.641542,2000,3236.129349
-192.198661,1488,3255.240183
-132.714591,2000,3292.695858
-128.778784,2000,3319.068592
-129.261224,2000,3344.699534
-138.573905,1672,3366.346508
-173.703849,1279,3382.831508
-134.395443,2000,3408.545637
-134.281423,2000,3434.230311
-94.292231,2000,3460.502407
-129.406874,2000,3486.337289
-128.584341,2000,3512.026428
-128.246725,2000,3537.770093
-126.127777,2000,3564.494533
-136.449707,2000,3590.023796
-99.048822,2000,3615.571467
-98.744569,108,3617.161108
-113.76721,2000,3642.946918
-146.866112,2000,3668.820069
-55.868528,2000,3695.265191
-121.911948,2000,3720.950246
-123.763091,1834,3745.03388
-121.8741,2000,3770.745398
-73.515799,2000,3796.356091
-114.625241,2000,3822.376039
-78.061044,2000,3849.03171
-114.669487,1623,3870.009229
-131.386976,2000,3895.84
-68.648103,2000,3921.699023
-128.963054,2000,3961.52229
-96.69984,2000,3987.1264
-91.942247,2000,4012.901651
-50.024573,2000,4038.737904
-120.064648,2000,4065.168975
-82.204578,2000,4090.899415
-147.189698,660,4099.179295
-140.616297,2000,4125.71427
-90.723592,2000,4151.458332
-117.260159,2000,4177.152339
-82.933844,2000,4202.691121
-107.566992,2000,4229.261457
-134.713653,2000,4254.905349
-152.662802,2000,4280.501316
-124.895037,2000,4305.754344
-140.311829,2000,4331.667143
-130.825892,2000,4356.803379
-139.64484,2000,4382.140179
-125.219059,2000,4407.430073
-124.976134,2000,4433.289808
-90.926728,2000,4458.590311
-114.053123,545,4465.205616
-125.528777,2000,4491.561216
-129.143617,2000,4517.042289
-132.669859,2000,4542.319197
-160.072763,1079,4556.229787
-155.762384,2000,4581.761407
-98.546965,2000,4617.99453
-127.77002,2000,4644.267484
-133.211561,2000,4669.616316
-85.679854,584,4676.947747
-100.083149,2000,4702.266893
-139.902322,702,4711.30001
-107.450111,31,4712.049942
-105.415884,40,4712.128039
-126.451802,2000,4737.938524
-91.851174,2000,4763.181077
-169.472364,2000,4788.460048
-221.076594,2000,4813.905959
-128.969875,2000,4840.023131
-152.960801,2000,4865.213124
-124.214656,2000,4890.460402
-102.155891,157,4892.865201
-88.455245,2000,4918.098918
-107.105427,320,4922.176014
-90.609274,2000,4947.328153
-119.077756,2000,4972.489182
-87.876543,2000,4998.511764
-169.006931,2000,5023.948655
-120.151207,2000,5049.230728
-125.677654,2000,5074.346945
-133.87135,2000,5100.408294
-80.753095,2000,5126.068032
-59.622583,2000,5151.4776
-96.026238,2000,5176.792997
-104.428016,2000,5202.904025
-140.350058,2000,5228.480039
-62.386919,2000,5266.974081
-46.289188,2000,5292.38099
-148.278044,2000,5318.507082
-61.262014,2000,5343.867346
-152.334471,2000,5369.001769
-121.361637,2000,5394.439446
-100.753702,2000,5420.528097
-94.432308,2000,5445.76264
-138.075788,2000,5470.800895
-105.109952,2000,5496.140507
-132.084639,2000,5522.139674
-139.587513,2000,5547.440978
-142.889519,2000,5572.787461
-22.219886,2000,5598.074813
-129.399254,2000,5624.119708
-102.849431,2000,5649.445924
-150.861758,2000,5675.008711
-127.261822,2000,5700.197406
-137.616917,2000,5726.222178
-181.937303,1228,5741.740149
-124.248182,2000,5767.027183
-109.744159,2000,5792.304461
-149.317239,627,5800.406461
-116.706099,1734,5822.504902
-125.634191,2000,5847.806928
-111.262167,2000,5873.98052
-121.607092,2000,5912.340707
-39.955558,2000,5937.590861
-100.958304,2000,5962.853157
-86.357036,2000,5988.700855
-105.359222,2000,6014.006407
-77.048351,2000,6039.20759
-132.199764,638,6047.386137
-125.950511,2000,6072.727111
-104.911648,2000,6098.699432
-138.819008,2000,6123.951929
-58.750195,2000,6149.045317
-133.754948,2000,6174.281035
-138.772707,2000,6200.070918
-112.164097,2000,6225.214518
-95.927832,85,6226.058087
-89.392515,111,6227.628261
-90.957613,112,6229.235838
-98.338071,106,6230.107046
-95.062474,85,6231.63015
-140.352717,2000,6256.85662
-101.916787,2000,6282.25237
-154.008985,2000,6307.343523
-130.987315,437,6312.998099
-144.28971,2000,6338.221889
-142.115954,2000,6364.192153
-141.31153,2000,6389.265495
-32.492727,2000,6414.308496
-103.551992,2000,6439.508344
-132.502863,2000,6465.625352
-144.10089,2000,6490.850376
-140.07333,2000,6516.044628
-80.283852,2000,6554.361086
-88.608839,138,6556.702645
-125.155083,2000,6582.292108
-88.842399,2000,6608.028573
-143.102922,2000,6633.379121
-63.780749,2000,6660.259168
-110.111598,2000,6686.143166
-104.422918,2000,6711.661453
-104.669021,2000,6737.27912
-132.943506,2000,6763.42531
-147.287924,2000,6788.956746
-129.522693,2000,6814.639153
-136.82968,2000,6840.238289
-62.196427,2000,6866.607082
-142.105623,2000,6892.070883
-123.501285,2000,6917.506063
-99.295002,2000,6943.119049
-155.601845,2000,6969.725469
-112.304987,2000,6995.371926
-130.859175,2000,7021.372547
-120.023373,2000,7047.059667
-88.764409,673,7056.188622
-132.563605,2000,7081.852053
-83.806985,2000,7107.526088
-85.524941,2000,7133.961409
-146.909836,2000,7159.666487
-131.954809,2000,7185.48353
-135.156681,2000,7222.752349
-136.527951,2000,7248.906852
-89.574941,2000,7274.441917
-224.381236,1923,7299.487355
-82.529641,462,7305.251631
-150.400986,2000,7330.769389
-97.768806,2000,7357.060428
-70.087452,2000,7382.767976
-108.385161,2000,7408.365866
-103.703889,2000,7433.901425
-99.235409,204,7437.041082
-111.310963,2000,7462.934543
-78.221335,2000,7488.52382
-65.148282,2000,7514.352675
-111.041255,984,7527.680756
-117.11785,324,7531.79953
-190.105749,1427,7550.216163
-44.160765,2000,7575.97466
-128.211519,390,7581.019284
-145.860341,1305,7598.434693
-152.422903,2000,7624.306886
-153.48698,2000,7650.101318
-74.409882,2000,7676.560238
-54.869343,2000,7702.29634
-124.493555,2000,7728.051691
-101.154754,2000,7753.858083
-144.003045,2000,7780.152532
-99.058022,215,7782.752888
-123.121746,2000,7808.395278
-95.995041,2000,7833.992382
-97.741155,2000,7874.030899
-138.390671,2000,7899.789808
-79.712358,2000,7925.479252
-129.03851,2000,7951.03739
-120.020131,2000,7977.400139
-91.480427,2000,8003.251769
-109.44911,2000,8029.09954
-133.486498,2000,8054.780341
-93.797138,2000,8081.164693
-75.083891,457,8087.030003
-174.218862,1273,8103.575646
-154.16606,2000,8129.30905
-83.568375,2000,8154.921263
-115.677729,2000,8180.536261
-127.697734,2000,8206.874526
-89.061592,2000,8232.746938
-71.258745,2000,8258.39951
-131.883128,2000,8284.127039
-125.291083,2000,8310.449216
-98.927886,2000,8335.765664
-34.302621,2000,8361.186668
-112.044014,1735,8383.386981
-132.183974,2000,8409.526829
-148.663449,2000,8435.117053
-124.229177,2000,8460.85395
-131.804726,2000,8486.802312
-82.319551,2000,8527.623915
-121.00216,829,8538.581677
-162.042744,2000,8564.334383
-108.616328,169,8566.124243
-101.246959,2000,8592.341177
-117.33749,2000,8617.933073
-118.256403,2000,8643.268463
-39.534979,2000,8668.723343
-130.491589,2000,8694.583875
-103.197257,2000,8720.072912
-129.697014,2000,8745.395719
-105.812615,2000,8770.632138
-107.658189,2000,8796.71049
-133.711455,2000,8822.112462
-90.974336,2000,8847.665305
-76.049005,2000,8873.008897
-124.337141,2000,8899.158613
-107.12837,2000,8924.550252
-85.872257,2000,8949.935452
-139.795973,2000,8975.458256
-133.993923,2000,9001.585258
-115.994148,2000,9027.028389
-84.53777,2000,9052.488125
-72.618938,2000,9077.80385
-138.397039,2000,9104.085102
-89.97155,2000,9129.37156
-121.30854,2000,9155.06686
-106.96252,2000,9193.650224
-63.61518,2000,9219.820756
-100.224844,2000,9245.212894
-90.437955,2000,9270.734711
-92.18749,2000,9296.109012
-102.681402,2000,9322.237528
-112.506405,2000,9347.809267
-93.066443,2000,9373.21086
-152.226486,2000,9398.630585
-140.026024,2000,9424.707223
-140.775258,2000,9450.263793
-119.342172,2000,9475.854617
-113.327338,2000,9501.55556
-109.386519,2000,9527.839996
-135.637375,2000,9553.284899
-102.444603,2000,9578.595363
-101.376499,2000,9603.954368
-108.53339,2000,9630.178675
-77.948359,2000,9655.775834
-25.25345,2000,9681.431595
-115.500286,2000,9707.087929
-136.247374,2000,9733.427637
-138.913019,2000,9759.162319
-100.996554,2000,9784.833724
-137.83484,2000,9810.51152
