#{"t_start": 1766666917.7135015, "env_id": "None"}
r,l,t
-101.86807,107,5.493041
-109.15374,48,5.576159
-121.896454,1600,7.887561
-119.03565,1600,7.887886
-132.01976,1600,7.887998
-108.31574,41,7.959822
-103.02987,55,7.986583
-101.319695,56,7.993815
-113.58837,49,8.050598
-114.73543,73,8.117184
-103.74686,1600,8.168144
-115.07467,56,8.266308
-108.46787,64,8.371253
-107.69396,74,8.496562
-93.08345,127,14.485295
-92.713524,131,14.496525
-92.70992,132,14.502809
-92.944595,135,14.512329
-92.912415,127,14.720577
-92.69921,132,14.765054
-93.30392,129,14.781777
-93.516754,140,14.801801
-123.68698,96,14.968908
-113.45003,104,15.004322
-112.39177,62,15.094194
-97.77072,67,15.139956
-106.77531,55,15.242574
-126.305466,1600,22.194257
-129.72627,1600,22.200701
-118.098724,67,22.308793
-104.76738,89,22.349608
-118.9373,1600,22.464921
-103.43524,100,22.474954
-99.68244,1600,22.590553
-112.07303,53,22.688711
-95.80198,128,23.851175
-96.56014,132,23.862042
-98.286766,133,23.868048
-97.33883,135,23.875668
-97.4799,130,24.050287
-97.51022,128,24.067205
-95.72806,129,24.078727
-96.65831,135,24.089236
-111.95141,83,24.219605
-104.850174,98,24.243282
-118.64623,93,24.255391
-103.16065,80,24.35321
-116.806725,65,24.361917
-100.60794,74,24.373044
-109.342,45,24.43468
-108.88228,54,24.467889
-104.01249,45,24.546836
-123.241806,87,24.591785
-109.82907,56,24.646248
-118.59606,81,24.734815
-105.45929,75,24.778077
-106.831184,1600,31.576267
-109.1862,1600,31.84036
-111.449394,36,31.90099
-101.872185,1600,32.189996
-106.843056,1600,32.232987
-109.995735,62,32.340931
-112.77733,62,32.449588
-113.30374,102,33.192652
-113.409164,103,33.197985
-113.19834,106,33.206267
-114.16824,114,33.221696
-113.2763,103,33.359598
-114.18936,113,33.373565
-114.74575,114,33.381136
-114.039986,113,33.400398
-111.79933,58,33.476468
-108.63136,73,33.513026
-105.66394,83,33.537504
-110.43183,41,33.554963
-120.79039,114,33.612148
-106.18845,52,33.646523
-106.982704,62,33.654162
-106.452866,68,33.73175
-115.61023,87,33.800688
-117.25962,94,33.812878
-118.927444,76,33.86676
-111.4278,46,33.894582
-113.11581,69,33.928601
-103.87798,55,33.969211
-107.92071,69,34.018692
-106.787766,97,34.096472
-129.0451,108,34.150581
-117.11014,113,34.206902
-111.36866,52,34.288784
-93.004745,1600,40.98392
-102.955666,1600,41.516814
-107.25374,1600,41.57796
-111.83771,47,41.604666
-112.67494,55,41.671714
-104.79286,1600,41.723112
-113.33439,59,41.769814
-105.32697,128,41.979902
-114.984985,79,42.10938
-100.7351,76,42.236054
-97.154396,99,42.515723
-96.195885,103,42.527516
-97.12092,102,42.66868
-95.95934,102,42.678926
-104.724075,130,42.852306
-104.98545,168,42.913314
-96.606895,91,43.040114
-104.90476,182,43.112215
-104.65302,132,43.227426
-104.9984,146,43.319839
-96.52619,101,43.457658
-105.17735,179,43.481481
-97.99274,92,43.609365
-95.88233,109,43.76115
-93.82246,109,43.917037
-39.62009,1600,44.631401
-39.626442,1600,44.631756
-95.051956,94,44.764941
-94.47041,108,44.829977
-126.70498,975,44.876907
-114.694046,78,44.938552
-111.89586,42,44.951314
-115.90458,86,44.982928
-113.9341,55,45.047282
-112.923805,67,45.095547
-118.25183,96,45.110323
-116.21906,82,49.870084
-107.92739,91,50.019539
-85.45143,1600,51.107927
-91.107216,1600,52.38325
-96.74352,1600,52.446512
-114.86801,68,52.507472
-108.444145,49,52.540527
-114.91611,75,52.645755
-103.66102,1600,52.749971
-104.1092,59,52.856189
-102.939125,204,58.933748
-45.86517,1600,60.95935
-38.703594,1600,60.959667
-43.616158,1600,60.959823
-94.72951,144,61.177063
-46.189472,1600,61.274127
-41.459473,1600,63.313931
-46.506252,1600,63.314243
-102.45195,60,63.443173
-100.221985,67,63.460086
-109.65114,37,63.532516
-45.78181,1600,63.607129
-114.774315,52,63.699035
-55.674965,1600,63.717889
-111.40697,47,63.786699
-122.569626,149,63.978132
-108.14576,80,64.115582
-108.96179,56,64.215105
-101.819046,63,64.331601
-96.05383,1600,66.233242
-109.403725,1600,66.321359
-107.17282,65,66.434782
-105.02044,1600,71.347255
-118.736465,83,71.489434
-94.85515,1600,71.852926
-107.75015,84,71.985086
-106.396095,75,72.104653
-105.41659,80,72.230411
-104.466515,69,72.340586
-95.245094,78,72.526204
-95.29643,78,72.526556
-95.10119,78,72.526687
-95.03321,79,72.532348
-95.962685,77,72.637916
-95.280685,77,72.638288
-95.41191,78,72.653687
-95.60941,78,72.65997
-105.59005,64,72.760139
-110.74141,82,72.790158
-99.67804,75,72.909001
-93.51881,1600,80.263947
-108.78681,1600,80.264234
-107.85951,1600,80.37579
-100.05463,1600,80.525095
-39.750286,1600,84.066791
-43.05957,1600,84.067212
-42.244335,1600,84.067357
-34.000813,1600,84.067602
-40.116318,1600,86.411644
-39.843975,1600,86.411928
-40.35527,1600,86.412034
-40.50299,1600,86.412109
-100.19926,1600,94.027072
-104.91697,1600,94.027488
-98.347984,1600,94.027806
-98.29328,1600,94.027912
-102.782555,65,94.140836
-64.29893,1600,97.82919
-65.91945,1600,97.829554
-63.43809,1600,97.829671
-64.31446,1600,97.829727
-37.7599,1600,100.134632
-63.957497,1600,100.134948
-63.51504,1600,100.135048
-36.566517,1600,100.135124
-100.8661,1600,107.503324
-99.837906,1600,107.503729
-92.916534,1600,107.503953
-102.34038,1600,107.504086
-113.64697,74,107.631417
-105.45457,60,107.730956
-38.809338,1600,111.371069
-38.696346,1600,111.371395
-38.74084,1600,111.371629
-39.406715,1600,111.371805
-38.65448,1600,113.632064
-38.467464,1600,113.632372
-38.782238,1600,113.632648
-38.791027,1600,113.632768
-95.869225,1600,121.36781
-93.9631,1600,121.368101
-94.473465,1600,121.368196
-88.98855,1600,121.368253
-106.98775,60,121.470485
-120.9773,79,121.506601
-47.78592,1600,129.863367
-47.720695,1600,129.863688
-41.514336,1600,129.863839
-42.56286,1600,129.863915
-47.55532,1600,132.332198
-47.74541,1600,132.332562
-47.26117,1600,132.332709
-47.161514,1600,132.332815
-102.12562,57,132.448095
-90.06496,1600,135.049218
-86.4838,1600,135.049579
-97.38009,1600,135.049709
-87.612854,1600,139.799595
-49.703545,1600,143.43376
-39.059715,1600,143.434036
-45.723404,1600,143.434258
-45.715054,1600,143.434346
-49.86642,1600,145.716025
-40.837498,1600,145.716302
-49.82392,1600,145.716387
-50.45362,1600,145.716441
-78.70379,1600,152.79015
-81.35712,1600,152.790505
-71.92253,1600,152.7906
-85.94506,1600,152.790654
-40.330338,1600,156.476165
-47.715076,1600,156.476544
-41.33511,1600,156.47674
-40.6341,1600,156.476859
-41.331825,1600,158.670895
-40.42813,1600,158.671193
-47.69302,1600,158.671279
-48.20374,1600,158.671343
-108.16426,70,158.7979
-106.05297,114,158.872934
-121.74743,71,158.920936
-106.32715,83,159.059717
-72.08329,1600,165.852019
-76.623146,1600,165.852365
-74.43988,1600,166.033507
-107.638115,55,166.124606
-82.043365,1600,166.212996
-42.515232,1600,169.531542
-43.79935,1600,169.531842
-42.661743,1600,169.532039
-39.376255,1600,169.532155
-42.661873,1600,171.811275
-67.952,1600,171.811572
-42.5287,1600,171.811729
-42.65962,1600,171.811848
-108.20884,50,171.91222
-120.66245,56,171.927103
-76.15305,1600,179.10149
-67.4639,1600,179.101904
-66.931,1600,179.18631
-72.14056,1600,179.200559
-118.42352,57,179.292427
-31.552906,1600,187.725317
-32.53435,1600,187.725626
-31.516634,1600,187.725782
-30.809706,1600,187.725846
-31.401531,1600,189.935294
-32.106014,1600,189.935654
-30.97949,1600,189.935876
-44.898132,1600,189.936009
-107.06619,73,190.080366
-124.86586,92,190.113719
-64.24769,1600,192.565242
-73.47864,1600,192.565582
-120.83382,60,192.668194
-62.290512,1600,192.693744
-106.46439,74,192.699945
-61.22169,1600,192.733042
-107.977806,79,192.863928
-39.85443,1600,201.589298
-39.82739,1600,201.589611
-39.808,1600,201.58982
-40.237324,1600,201.589956
-39.884945,1600,203.767145
-39.825768,1600,203.767477
-40.363297,1600,203.767646
-39.83156,1600,203.76774
-66.05221,1600,211.014744
-58.970825,1600,211.015088
-64.413635,1600,211.015277
-60.10315,1600,211.015419
-54.98506,1600,214.650263
-37.02112,1600,214.65066
-38.324215,1600,214.650856
-55.11905,1600,214.650925
-52.74062,1600,216.872977
-53.387917,1600,216.873317
-46.94646,1600,216.87342
-34.25751,1600,216.873514
-52.30188,1600,224.282765
-49.489487,1600,224.283063
-54.802795,1600,224.28315
-54.88017,1600,224.283207
-96.992386,101,225.85762
-96.83024,102,225.863427
-96.81159,102,225.863782
-97.03784,103,225.869574
-97.02517,103,226.009171
-96.83025,102,226.009433
-96.76915,103,226.017633
-94.58332,119,226.059885
-59.318295,1600,233.037941
-45.413902,1600,233.038243
-41.217625,1600,233.046068
-44.69288,1600,233.073282
-102.31281,158,233.299322
81.48953,1600,236.789129
105.7379,1600,236.789417
14.618331,1600,236.789554
85.20415,1600,236.789639
49.090702,1600,238.959359
97.30494,1600,238.95972
18.554144,1600,238.959844
45.64316,1600,238.959902
-124.1649,1128,245.379682
-38.804996,1600,246.111052
-42.243065,1600,246.111342
-25.944199,1600,246.111473
-101.740616,107,252.68784
-101.230965,108,252.693536
-101.28114,108,252.693803
-100.97976,108,252.693893
-101.61022,108,252.84034
-101.671,110,252.846867
-101.85062,109,252.847142
-101.97467,109,252.847225
-28.018934,1600,255.393864
-0.342468,1600,255.399987
-31.534475,1600,255.400271
-25.550798,1600,255.400358
-91.361145,131,261.579582
-92.35123,133,261.587916
-91.49549,138,261.599856
-93.10182,200,261.69167
-91.58539,138,261.795204
-91.22582,158,261.829765
-91.8279,162,261.850653
-94.09689,126,261.906003
-4.780058,1600,268.877308
-2.093846,1600,268.90953
-4.013497,1600,268.931186
-13.963588,1600,268.975091
-101.60264,100,269.095716
-118.81323,70,269.203218
-97.53807,91,270.457881
-97.54991,91,270.458261
-99.419716,95,270.467971
-91.41197,104,270.484523
-94.95716,92,270.599586
-99.12098,88,270.599879
-95.27435,94,270.619075
-98.56102,89,270.636961
-110.73725,654,271.643919
-6.824916,1600,277.932892
-13.1583805,1600,277.942115
1.0030452,1600,277.960212
-12.311455,1600,278.976413
-92.173706,112,279.522806
-89.24047,121,279.689424
103.903755,1600,281.572355
107.59223,1600,281.572722
104.3829,1600,281.572861
89.86948,1600,281.959333
0.88866377,1600,288.979922
11.132254,1600,288.980236
-5.281833,1600,288.980389
5.834813,1600,289.339122
77.04316,1600,297.381999
74.90432,1600,297.382365
70.52581,1600,297.3825
81.36617,1600,297.382587
98.798325,1600,299.620525
76.40338,1600,299.620846
79.24727,1600,299.621029
76.28931,1600,299.621155
5.726797,1600,302.242773
23.885887,1600,302.24305
1.2353175,1600,302.243141
12.652405,1600,302.243195
93.83537,1600,310.45288
91.193146,1600,310.453134
88.48971,1600,310.453234
94.06819,1600,310.453289
80.6747,1600,312.618135
84.37694,1600,312.618586
88.74456,1600,312.618769
86.10032,1600,312.618862
25.628527,1600,320.412694
26.298933,1600,320.413059
17.494843,1600,320.413203
15.613038,1600,320.413318
-102.18189,109,322.082908
-99.2374,139,322.133409
-101.63358,114,322.264664
94.86366,1600,324.279254
89.03988,1600,324.279679
-103.02657,114,324.454107
87.141655,1600,324.51667
93.27642,1600,324.660617
-71.77196,1079,331.172577
15.857595,1600,331.864764
-107.708885,138,332.094011
41.712334,1600,332.100508
40.018604,1600,332.248999
-126.81753,65,332.37018
-85.300674,580,333.095145
-99.942764,90,333.706256
-99.92202,90,333.706726
-100.473915,100,333.726684
-101.02755,103,333.736782
-99.19214,91,333.847722
-98.590614,90,333.865158
-101.05829,102,333.873417
-100.73028,93,333.884359
-115.485535,58,333.96773
-90.70792,157,334.155507
-101.06662,114,334.170921
61.962032,1600,341.892767
51.379852,1600,341.90463
36.82053,1600,342.174323
57.12597,1600,342.191321
-101.629196,95,343.668379
-101.63332,95,343.668686
-100.63713,102,343.683704
-99.17811,103,343.689934
-101.57392,94,343.825784
-101.94347,96,343.845707
-98.869026,105,343.854408
-99.44074,103,343.880918
-120.53801,64,343.990686
59.323616,1600,351.626691
64.517265,1600,351.650472
59.882656,1600,351.660019
62.961178,1600,351.799216
-99.97609,115,358.19056
-99.1792,119,358.202237
-100.05849,119,358.202566
-99.461365,120,358.208549
-99.42832,122,358.391654
-97.675064,138,358.413557
-98.25265,137,358.437132
-97.82514,139,358.445515
-116.60869,68,358.552108
52.60559,1600,361.072759
75.50047,1600,361.102023
65.17404,1600,361.111012
61.912327,1600,361.226914
-99.69603,87,367.864126
-100.56924,88,367.870424
-100.34764,88,367.870813
-100.43705,88,367.871006
-99.71262,87,367.997657
-99.712715,87,368.003876
-99.83207,87,368.004214
-99.70621,87,368.004349
-106.20945,74,368.133769
65.21303,1600,375.424349
73.27885,1600,375.430375
56.184788,1600,375.430738
82.84172,1600,375.558616
-98.65553,82,377.023377
-98.653496,82,377.023762
-98.62901,82,377.023965
-98.63136,82,377.024073
-98.39895,81,377.150175
-98.63763,82,377.170899
-98.65476,82,377.171181
-98.63467,82,377.17134
-97.832565,128,377.384916
89.94227,1600,384.478519
78.84367,1600,384.484514
71.62763,1600,384.48479
75.58024,1600,384.691232
-130.62921,106,386.037634
-130.66495,106,386.037904
-132.34402,121,386.063308
-134.78592,142,386.097939
-142.91104,149,386.280429
-142.84903,168,386.303048
-108.91742,180,386.330783
-140.86023,178,386.392222
78.84815,1600,393.967602
67.65861,1600,393.977729
72.72667,1600,394.000034
92.4794,1600,394.057805
-97.22626,90,400.240428
-97.25155,91,400.246321
-97.03732,91,400.246662
-83.655334,127,400.302662
-96.967636,91,400.386667
-97.314995,91,400.387052
-85.14533,122,400.452102
-94.88875,99,400.480268
106.58016,1600,402.982699
109.89582,1600,402.982989
84.99859,1600,403.039067
92.58379,1600,403.068789
-105.43858,85,403.207797
-99.40146,117,403.244822
-103.46121,105,409.680583
-101.63539,109,409.691391
-100.50605,116,409.706467
-99.59484,118,409.714263
-101.34855,109,409.873584
-100.498505,116,409.873919
-98.79742,119,409.897086
-103.84282,107,410.044149
-100.685684,112,410.056153
-99.589066,118,410.085972
-101.35074,109,410.233682
-97.692184,123,410.288264
-102.796684,109,410.41004
-38.33281,776,410.898745
99.514946,1600,412.632148
85.90608,1600,412.869071
91.26498,1600,413.000335
-97.655594,97,413.162303
107.96985,1600,418.831067
-92.6981,100,418.999819
-103.17914,104,420.44307
-102.446236,105,420.448863
-102.95078,106,420.454885
-101.57022,109,420.464503
-103.336365,103,420.610407
-101.54007,107,420.618077
-103.77313,104,420.636211
-99.73093,111,420.646426
-102.99611,66,420.760558
-74.48718,340,421.183083
16.125832,1508,427.856249
113.16257,1600,428.018861
-124.53545,99,428.028828
127.98349,1600,428.141276
-0.8441696,1341,428.166907
-44.09246,818,429.449895
-71.02646,343,430.120783
181.53297,1600,431.959715
176.91994,1600,431.960028
161.47246,1600,431.960281
-107.20329,194,432.240768
160.8618,1600,432.452263
138.83011,1600,434.228024
163.96912,1600,434.22834
151.25296,1600,434.579651
155.98901,1600,434.825369
106.819855,1600,441.556101
117.61635,1600,441.556426
118.1984,1600,441.865757
120.7406,1600,442.102526
-139.08514,180,443.340808
-117.310104,201,443.382461
-97.9002,229,443.434996
-133.4917,150,443.632475
-136.4656,125,443.642306
-111.869026,185,443.910028
-116.26457,188,443.923165
-142.54889,216,444.234004
-136.45334,125,444.419879
-132.63033,151,444.636283
-136.3436,150,444.855802
-136.48222,125,445.035637
-137.92307,144,445.252073
139.27155,1600,445.482833
-138.75345,175,445.544614
117.423584,1600,450.612735
-84.63167,234,450.751159
-91.085365,109,450.935909
-94.9989,101,451.093171
120.96165,1600,451.194917
-117.1344,89,451.340887
114.05427,1600,452.906166
118.3183,1600,453.212027
133.93976,1600,453.713334
120.26933,1600,459.260006
-116.186806,57,459.787191
-116.00603,57,459.787422
-116.08911,57,459.78756
-116.31655,58,459.79291
-116.37308,57,459.873081
-116.68565,57,459.878639
-116.39803,58,459.878966
-116.98466,58,459.956024
-115.98958,57,459.95638
-116.43903,58,459.962034
-126.96542,119,459.970756
-113.59489,86,460.117367
-66.28944,606,461.091695
-41.45377,817,461.285523
-106.76804,137,461.31524
-116.78293,77,461.414302
117.84001,1600,462.538188
95.641464,1600,462.544715
-104.7946,91,462.697705
-72.33139,348,468.062029
116.41281,1600,468.71492
141.53207,1600,468.82474
-110.79704,42,468.92
-110.64198,42,468.920276
-110.734344,42,468.92048
-110.627205,42,468.920673
-110.655975,42,468.993941
-110.698944,42,468.994247
-110.77463,42,468.994346
-110.77786,42,468.994407
-100.87673,61,469.108141
-102.079994,67,469.12215
-108.48809,73,469.137347
17.748756,1396,476.086579
114.06169,1600,476.506661
118.2547,1600,476.52253
105.32317,1600,476.536587
-95.752075,92,476.680936
-113.45178,124,476.728162
-110.34577,41,477.935275
-110.51452,41,477.935648
-110.34595,41,477.935793
-110.355064,41,477.935891
-110.39369,41,477.993874
-110.349075,41,477.994157
-110.34328,41,477.994289
-110.51796,41,477.99439
133.82222,1600,485.448238
118.34167,1600,485.448603
132.8053,1600,485.448763
110.87782,1600,485.448834
-93.708595,114,485.639318
-110.08102,37,486.922986
-109.939095,37,486.923246
-110.03322,37,486.923361
-110.3868,38,486.928915
-110.10151,37,486.984853
-109.94161,37,486.985132
-110.08259,37,486.98537
-110.33571,38,487.003965
-85.24672,268,487.428854
135.35948,1600,494.397409
139.82663,1600,494.397745
121.49043,1600,494.406395
128.91785,1600,494.845136
-109.95892,37,500.665838
-110.49512,38,500.671947
-110.505486,38,500.727687
-116.74043,52,500.750149
-85.353195,114,500.788305
-83.0733,122,500.80298
-109.78615,37,500.825217
-114.88971,108,500.979056
156.29962,1600,503.295815
139.85295,1600,503.371699
140.19734,1600,503.384011
-109.135605,46,503.454329
142.4426,1600,503.550292
-123.656235,119,510.016115
-126.24577,151,510.066134
-126.42289,153,510.073743
-123.86723,121,510.203899
-121.93548,100,510.224542
-122.45501,104,510.237599
-123.086716,116,510.390685
-122.0749,100,510.3966
-124.72493,129,510.586439
-122.36516,103,510.735404
-122.33899,103,510.885606
-122.4311,104,511.0346
-34.14337,638,511.308216
207.40225,1600,512.16413
189.09305,1600,512.596124
-93.37424,110,512.769766
177.26729,1600,513.454781
156.35869,1600,513.770979
-25.497528,751,513.958154
30.505722,1541,519.67479
-35.393555,709,520.146641
130.98836,1600,521.143212
-112.57493,54,521.413635
-112.845024,55,521.419923
-112.85753,55,521.420197
-112.93591,55,521.420297
-112.94487,55,521.500088
-113.01205,55,521.519425
-112.83307,55,521.519763
-113.964096,69,521.547835
-35.66671,635,522.551855
147.67351,1600,528.827971
131.05159,1600,528.828295
154.71672,1600,528.854949
137.54813,1600,529.849311
-55.322845,334,530.752521
44.653442,1006,531.724886
-23.296028,523,532.473814
247.16434,1600,532.576589
227.68428,1600,532.57693
217.64609,1600,533.169461
162.50244,1600,540.004262
167.82866,1600,540.119792
151.65962,1600,540.120069
176.28635,1600,540.632083
-20.7613,463,542.167368
18.896141,781,542.616576
27.914673,891,542.768702
51.84056,1067,543.023035
-28.765228,513,543.343129
-25.447243,534,543.533325
172.00958,1600,549.898989
155.08696,1600,550.826163
180.98839,1600,551.177249
168.6881,1600,551.385744
148.10587,1600,557.150361
-95.2172,192,557.876235
16.00319,718,558.596368
92.47655,1149,559.191684
243.76543,1600,559.847134
261.46582,1600,560.123044
-64.29133,343,560.688232
218.94928,1600,560.99131
195.42197,1600,561.684313
169.1331,1600,562.397221
168.31856,1600,567.939063
164.72023,1600,568.219059
261.1002,1600,571.077442
205.87622,1600,571.077781
231.63138,1600,571.077879
232.61676,1600,571.077934
-43.719685,424,571.698272
25.404198,822,572.283068
31.203186,867,572.358936
-27.582237,453,572.412398
-94.890366,105,572.580016
-45.099968,528,573.347967
223.59256,1600,573.670387
21.2266,1386,579.501197
-108.1592,39,579.566365
183.12363,1600,579.609675
-115.701935,60,579.710402
-105.324234,171,579.985965
199.05241,1600,580.537662
155.3746,1600,580.844778
-110.73213,39,581.173251
-110.67688,39,581.173589
-110.69675,39,581.17371
-110.72649,39,581.173829
-110.70807,39,581.228593
-110.736595,39,581.228874
-110.71304,39,581.228967
-110.73338,39,581.229023
193.33322,1600,588.643846
187.24011,1600,588.64417
160.39685,1600,588.644279
180.77092,1600,588.64435
-18.112251,579,590.907075
-22.988403,475,591.582026
122.27197,1377,592.04881
226.28052,1600,592.359137
218.51215,1600,592.359437
266.79907,1600,593.849008
166.98193,1552,594.248501
126.27988,1338,594.279904
249.70818,1600,594.714303
-12.603836,692,600.006906
-47.490765,497,600.133293
186.44708,1600,601.924676
190.6504,1600,602.347648
196.18059,1600,602.591888
201.24315,1600,602.732553
132.78688,1447,610.211795
252.35956,1600,610.42975
224.32172,1600,610.430071
218.342,1600,610.430234
112.98335,1382,612.214657
129.8149,1377,612.431586
230.98938,1600,612.735749
268.5838,1600,612.736086
-110.70451,53,612.847703
-28.70279,641,613.407556
215.01169,1600,614.670341
24.575348,1000,614.966311
197.17023,1600,615.249369
-85.91496,203,615.28712
199.30641,1600,615.344474
189.89761,1600,623.546129
268.8387,1600,623.546517
232.95111,1600,623.546673
232.61084,1600,623.546755
-119.67301,49,623.618299
-44.45972,376,624.080914
11.174751,890,624.89127
266.0287,1600,625.806203
264.09933,1600,625.806612
-91.39576,222,626.183201
37.32495,1010,626.389868
220.93044,1600,626.438227
-6.48365,749,627.040144
170.06685,1600,633.374962
178.32594,1600,633.57108
188.80014,1600,633.616638
-108.01323,50,633.698012
191.00487,1600,634.184472
-24.018166,579,635.217634
66.13606,1052,635.887038
-64.25542,243,636.224733
263.12955,1600,636.67569
237.31363,1600,636.675975
220.47302,1600,637.646352
196.09065,1600,643.427723
196.08194,1600,643.89941
158.3264,1600,643.899768
177.46779,1600,644.81309
-111.955414,39,645.384524
-111.96125,39,645.384807
-111.924965,39,645.384905
-111.94557,39,645.442906
-111.956085,39,645.443211
-112.320946,40,645.448777
-111.92387,39,645.503569
-111.9641,39,645.509141
-111.95165,39,645.56655
-112.30718,40,645.625278
-111.94328,39,645.683483
-111.930626,39,645.742191
-112.31831,40,645.801223
-112.318985,40,645.863519
-111.9724,39,645.923115
-111.936066,39,645.983571
-111.96642,39,646.040162
-111.97192,39,646.097951
-111.96486,39,646.155441
-111.917984,39,646.214153
-111.928734,39,646.275302
250.579,1600,647.644951
237.80075,1600,647.758332
258.51837,1600,647.816193
-112.314766,40,647.821959
-111.93326,39,647.88294
-65.258766,222,648.149324
119.324615,1313,648.156859
-111.96102,39,648.213024
-112.322105,40,648.221846
-111.9671,39,648.278348
-111.97298,39,648.286988
-111.9549,39,648.340714
-111.92354,39,648.350081
-112.328575,40,648.407746
-111.96204,39,648.464326
-111.96715,39,648.52428
-111.92229,39,648.58127
-111.96512,39,648.641975
-112.312416,40,648.704077
-111.970245,39,648.763712
266.36063,1600,650.016545
233.26541,1600,650.298602
228.45877,1600,650.792389
118.42523,1562,655.791759
18.683578,1325,657.049891
205.84924,1600,657.244341
22.046806,979,657.370597
183.60425,1600,657.97189
-111.604515,41,658.742061
-111.656876,41,658.742362
-111.77935,43,658.749661
-111.77843,43,658.749968
-111.5768,41,658.807272
-111.67325,41,658.807614
-111.27522,42,658.829157
-111.34567,42,658.829436
193.47647,1600,666.331434
200.261,1600,666.331779
179.02477,1600,666.343077
174.7902,1600,666.343493
152.65598,1553,674.593273
257.32965,1600,674.671119
260.40945,1600,674.67141
227.46393,1600,674.671594
114.14336,1421,676.694038
271.5194,1600,676.877403
240.08269,1600,676.944814
258.26767,1600,676.945109
204.86453,1600,679.145783
193.54266,1600,679.34753
195.07996,1600,679.419615
172.92131,1600,679.419911
-15.017326,596,684.973614
120.72221,1384,687.408314
257.65256,1600,687.718581
268.2367,1600,687.718908
254.1872,1600,687.719071
276.00995,1582,689.660697
116.46738,1598,689.989568
254.35725,1600,689.996789
253.23312,1600,689.997147
234.03314,1600,697.031335
206.22139,1600,697.41606
216.17091,1600,697.424732
208.3711,1600,697.425093
18.424469,895,698.825814
274.25006,1578,701.09353
264.85452,1600,701.133735
265.86118,1600,701.134026
257.69406,1600,701.13411
275.67487,1508,703.301695
276.1809,1539,703.385115
275.3238,1567,703.434226
273.07425,1600,703.4564
-4.414711,742,704.589386
220.20383,1600,710.875063
209.347,1600,710.924186
199.63455,1600,710.94649
-121.96996,115,711.119719
-30.42984,474,711.718472
213.40794,1600,712.034913
-55.761288,270,712.69591
51.800858,856,713.553757
91.80957,1158,713.981372
244.88623,1600,714.618681
275.66696,1547,714.936889
266.1657,1599,720.626376
-114.1936,59,720.723625
231.24121,1600,721.125333
232.06241,1600,721.864514
215.32791,1600,722.218655
108.827545,1375,723.032858
-109.72016,47,723.120938
56.539185,1022,723.610136
13.194389,868,729.08462
59.248505,872,730.478064
82.54111,1074,730.791359
-44.296753,316,730.973044
160.53482,1397,731.280782
270.59473,1595,731.571914
9.607758,632,731.748405
-17.477768,486,732.402968
-118.39618,67,732.521654
-18.033615,569,733.472106
241.91315,1600,733.592171
247.17348,1600,733.943924
218.8734,1600,734.460438
-11.542465,498,741.694172
2.1388626,684,741.963913
19.436058,696,741.984993
4.379318,557,742.809387
272.9094,1572,743.272562
117.548004,1361,743.683552
277.0578,1523,744.182036
75.32088,1035,744.773691
271.3632,1577,745.16093
-76.61973,301,745.295102
84.12532,1080,745.352889
-86.32406,143,745.592634
-59.228474,407,745.971592
-108.08122,49,746.05257
240.38042,1600,746.794142
-79.86042,159,747.068746
189.92285,1600,752.858994
-107.209274,47,752.944865
220.41245,1600,753.30071
72.13542,1367,753.394131
69.63042,1049,755.643766
127.44972,1227,755.91537
133.8708,1279,756.002228
272.2175,1595,756.486855
-24.186668,440,756.67613
75.89249,1057,757.230678
-54.05683,262,757.624089
74.708755,976,757.936491
-69.544525,254,758.328675
271.66534,1600,758.336602
243.66235,1600,759.201136
-109.31865,47,759.278708
-79.12044,135,759.498615
237.00075,1600,765.146383
-117.33121,66,765.262343
220.42114,1600,765.933163
220.3847,1600,765.943209
229.64221,1600,767.155938
1.9017334,559,768.414751
278.11194,1518,769.827615
275.9908,1533,769.855353
263.92914,1600,769.962887
270.46204,1600,770.77821
77.15312,1191,771.830997
253.83351,1600,777.105724
239.2901,1600,777.137852
-104.21879,104,777.321952
43.881958,1236,777.608484
-107.26604,195,777.929081
185.6505,1600,779.250834
7.629654,805,779.263107
-88.1288,177,779.570784
-68.871956,194,780.019691
47.09027,1196,781.452554
278.78375,1482,781.871386
262.05923,1600,782.049317
259.2627,1600,782.334309
23.764725,704,782.904736
105.16936,1240,783.254662
84.51445,1057,783.852719
265.40765,1600,784.359877
84.15904,1060,784.450484
62.481995,1049,789.521642
31.936111,1146,790.981852
219.57066,1600,791.077201
201.54974,1600,791.63891
223.3026,1600,792.134555
72.128876,1283,797.956483
-83.62844,111,798.17948
-83.7966,101,798.321306
6.8135376,604,798.88111
-80.76083,142,799.079608
-88.82154,102,799.225046
-82.68868,105,799.37976
80.78526,1109,799.59495
278.59705,1531,800.161873
267.85236,1600,800.608011
200.11565,1600,801.746057
218.3877,1600,801.991567
-103.248024,156,802.241581
201.22704,1600,802.6768
4.677948,784,808.090941
213.349,1600,808.212649
-14.347176,648,808.373764
-37.806255,495,809.149112
-51.842293,382,809.734932
-23.315346,428,809.801964
46.039566,848,810.991598
277.3235,1555,811.395953
275.3512,1566,811.418298
272.20093,1600,812.021532
56.256516,888,812.285075
-37.303974,432,812.895243
255.60031,1600,813.685959
250.85793,1600,813.705333
272.9667,1572,814.338526
251.39313,1600,815.368774
-75.08583,295,815.869879
218.81902,1600,821.196526
212.01599,1600,821.218204
207.9729,1600,821.85514
-74.83031,420,823.282095
148.81029,1420,824.755687
250.68329,1600,825.019526
266.54382,1600,825.019794
134.83621,1600,825.634832
225.90733,1600,832.479815
241.78088,1600,832.774947
217.083,1600,832.775296
205.53116,1600,833.487834
-9.4952545,703,833.654705
-82.55853,101,835.133784
-86.82991,102,835.140022
-82.25448,107,835.151389
-81.92766,110,835.159657
-82.21482,108,835.304686
-81.37944,110,835.310594
-81.32646,110,835.325209
-82.29843,113,835.340359
-7.590645,633,841.029615
226.4919,1600,842.680483
192.94684,1600,842.69891
227.82895,1600,842.713715
80.24078,1314,843.247606
12.76149,762,843.996862
69.651566,958,850.292498
275.58032,1556,851.177292
256.67603,1600,851.245628
246.03246,1600,851.245975
246.9217,1600,852.614528
104.24399,1107,852.831542
118.61282,1243,853.029855
158.45401,1493,853.392605
-53.097794,417,854.073114
24.156929,967,854.422376
79.0909,1223,854.608871
243.16962,1600,855.663155
18.389038,986,855.681358
229.92567,1600,861.850656
-45.92434,738,863.034075
280.19528,1506,864.150649
278.03442,1551,864.218128
245.88695,1600,864.292232
272.86804,1600,865.332562
268.6697,1600,866.564283
262.93314,1600,866.639881
235.05339,1600,866.721692
108.24855,1523,867.823592
35.79416,880,873.072948
226.85744,1600,874.057954
229.32823,1600,874.133562
46.8472,884,875.504135
76.279724,898,875.527638
282.0123,1514,876.389106
278.65683,1597,876.51592
40.904465,703,877.496554
281.8291,1518,877.65505
273.60327,1600,877.751999
-1.5818481,537,878.249897
281.88492,1519,878.522337
-85.76918,175,878.804911
225.6393,1600,880.118165
260.70654,1600,880.237161
-90.916565,94,885.368699
235.37488,1600,885.796868
221.14394,1600,886.393428
-53.297993,322,888.013054
283.67487,1495,889.688138
279.79312,1565,889.793014
270.9202,1600,889.848426
279.5133,1545,890.228024
40.127014,841,890.977893
-31.136574,402,891.546776
278.3025,1600,891.942771
281.71436,1538,892.03005
281.0149,1515,892.443121
-90.011856,112,892.623426
246.17278,1600,899.225133
227.3722,1600,899.683352
231.41861,1600,899.752796
-86.51561,110,899.923404
220.22682,1600,900.304112
-83.32389,112,901.28312
-85.36164,105,901.436383
283.93002,1503,903.257917
280.57254,1565,903.349283
275.28302,1600,903.405981
-84.636795,106,903.514358
278.73007,1555,903.701205
83.73929,1206,910.527207
231.96194,1600,910.878923
130.57973,1532,910.928643
246.30548,1600,911.309012
-108.046745,64,911.414684
-54.57326,242,917.727552
42.503235,841,918.91168
286.08325,1464,919.464463
283.48422,1524,919.558098
250.90237,1600,919.674334
-4.4416885,571,920.385974
274.15875,1562,921.315537
273.30737,1544,921.894433
269.57324,1585,922.174849
226.66312,1600,922.991214
-56.77677,493,928.565181
224.58499,1600,928.665375
-46.557777,326,929.6777
-5.551712,585,930.044332
-25.459167,447,930.685601
141.75383,1229,930.971342
280.80676,1488,931.329981
284.41187,1450,931.756832
278.3351,1591,933.017319
280.98373,1495,933.169647
258.0352,1600,933.735919
278.59537,1532,934.142604
34.395996,802,934.350565
-95.76718,151,934.600101
244.47833,1600,935.813527
41.12451,1016,935.813831
112.21112,1432,940.747126
-33.090454,420,941.419018
16.88929,737,941.617415
-78.00919,176,941.704866
235.93335,1600,941.80896
136.36995,1196,944.210537
287.7522,1398,944.527287
283.89868,1474,944.643878
282.15268,1477,944.653
-20.537079,470,945.224842
-80.825516,165,945.514797
-102.783295,100,945.675125
259.60794,1600,951.555805
238.99443,1600,952.013158
258.22162,1600,952.02312
-96.60661,118,952.216839
-99.741295,141,952.255736
-12.757805,560,952.485263
243.61493,1600,953.105853
26.850433,947,954.006596
60.067886,857,955.297154
58.59549,887,955.34208
80.61272,956,955.454643
-57.74306,325,955.920089
282.4269,1502,956.235677
265.12424,1600,963.282489
248.63306,1600,963.331764
263.437,1600,963.95278
255.83643,1600,964.289827
18.294563,838,965.303279
132.23091,1226,967.557662
284.20557,1431,967.852794
284.18985,1444,967.877116
279.66235,1526,967.99362
-10.935913,458,968.526687
-23.965538,425,969.142958
284.71088,1444,969.648174
283.17346,1430,975.206424
278.99194,1498,975.443786
266.20377,1597,976.909637
76.88597,1141,977.336035
232.93121,1600,977.527602
-97.33925,123,977.560708
261.4253,1598,977.87949
-17.1678,571,983.099173
39.638916,997,983.208092
7.400894,748,983.41334
23.879578,648,984.596791
45.591003,774,984.796636
70.40964,848,984.911371
278.25153,1529,985.936218
155.81143,1285,986.565438
277.92014,1478,987.094073
278.62805,1468,987.203354
-111.929955,66,987.211969
227.74785,1600,988.483841
-115.96609,87,988.63651
123.906815,1423,988.867025
241.27312,1600,994.50946
250.59401,1600,994.517414
23.04879,768,996.429653
282.11136,1430,997.40234
284.83624,1431,997.408657
178.58426,1437,997.421805
-3.2703323,616,998.307787
17.429138,613,998.331969
278.32672,1491,998.72444
267.84952,1592,1000.039274
236.13045,1600,1005.773735
249.62643,1600,1005.783902
236.7475,1600,1006.131013
74.47685,1198,1006.72526
-2.7146072,506,1008.083983
25.049835,779,1009.266329
281.5844,1442,1009.508604
281.25854,1473,1009.561615
274.5879,1569,1009.715348
-46.23653,394,1010.311516
30.325912,718,1011.423984
267.579,1600,1011.765931
281.00305,1471,1011.81729
277.80658,1548,1012.028359
-62.350502,330,1012.431086
42.840973,1003,1018.321054
252.64198,1600,1018.979138
233.10614,1600,1019.544839
264.56378,1562,1019.873532
26.578712,860,1020.447758
-41.2464,351,1021.480704
116.97519,1192,1022.793164
281.08005,1477,1023.269333
279.24188,1511,1023.331984
-33.22518,464,1023.598777
276.12057,1527,1024.003384
261.60327,1600,1031.350347
256.33475,1600,1031.420139
246.3207,1600,1031.68615
210.84335,1600,1032.075722
-52.388027,315,1039.289005
-46.223965,371,1039.384111
136.7342,1354,1040.862893
122.92491,1183,1041.166638
267.18048,1600,1041.238704
277.71738,1531,1041.60107
25.3956,651,1041.837121
-16.503922,454,1041.848679
280.3565,1513,1043.448989
147.61667,1366,1043.630553
-63.92839,278,1043.932361
-65.75816,239,1044.037419
271.6643,1574,1044.273714
-84.45993,144,1044.307645
258.98096,1600,1044.33496
14.777336,813,1045.788929
97.41693,1426,1046.571811
250.47803,1600,1052.821079
249.0936,1600,1052.857744
66.54501,1169,1053.630583
-9.520569,547,1054.763037
281.27066,1453,1056.335893
278.75537,1514,1056.451286
278.03113,1539,1056.497843
267.23672,1600,1057.513595
116.5143,1233,1058.810706
130.72765,1384,1059.06635
272.28763,1508,1059.204956
253.52768,1600,1066.340732
247.07448,1600,1067.402765
253.92125,1600,1067.630822
251.17105,1600,1067.751901
68.14703,1002,1069.59635
277.38803,1511,1070.471331
275.54266,1539,1070.52112
274.39957,1541,1070.529346
0.3936844,498,1071.277438
274.167,1573,1072.095959
278.11032,1453,1072.832609
-40.432716,478,1072.997471
269.63544,1564,1073.094113
-112.5434,176,1073.163567
267.66577,1564,1079.275392
223.59645,1600,1081.266747
223.30818,1600,1081.377528
232.1539,1600,1081.459965
50.6037,961,1083.787027
282.6219,1405,1084.6143
277.88617,1483,1084.788015
278.68744,1488,1084.803388
281.7405,1430,1086.267814
273.1351,1523,1092.739663
273.8864,1498,1092.836196
-114.0356,68,1092.873842
270.61633,1550,1092.951939
-90.73335,134,1093.12838
242.1303,1600,1094.705144
72.170334,1150,1095.046584
-13.888687,535,1095.625863
235.28027,1600,1095.721982
227.9427,1600,1095.968968
279.2126,1418,1098.448307
279.03665,1428,1098.468746
277.8418,1442,1098.492932
272.858,1497,1098.583611
-26.379333,433,1099.142676
10.251823,581,1099.407771
-80.990814,145,1104.745714
62.015274,959,1105.815378
269.2824,1504,1106.019677
264.53766,1567,1106.251297
-81.127045,301,1106.777119
257.90216,1600,1107.505814
254.20743,1600,1113.483811
282.07645,1383,1115.745966
279.00485,1451,1115.847357
276.35062,1453,1115.855697
277.59122,1474,1115.894544
-13.197754,482,1116.645352
72.78949,1110,1117.914722
269.09692,1516,1118.477588
244.91905,1600,1118.750986
248.54292,1600,1119.631031
253.53328,1600,1125.623194
141.9629,1307,1128.00667
279.0936,1407,1128.163699
274.2495,1471,1128.268536
272.24802,1534,1128.366552
278.2317,1454,1130.285387
273.22125,1521,1130.532797
278.80716,1447,1130.62081
273.69025,1537,1130.665967
-41.69373,406,1131.354867
244.37422,1600,1138.165053
260.77124,1600,1138.459921
52.442413,1115,1138.466668
241.37143,1600,1138.565535
-68.99415,375,1138.855898
281.92172,1404,1142.362579
279.81168,1429,1142.410208
274.60538,1478,1142.489659
276.40372,1488,1142.510995
280.44968,1423,1144.548271
281.13956,1378,1144.611011
276.48264,1466,1144.726336
273.40115,1519,1144.737719
264.08255,1531,1151.854948
263.10022,1554,1151.96813
260.14148,1576,1152.139871
235.72398,1600,1152.187874
-44.213917,388,1152.794601
285.0645,1316,1155.728576
283.37112,1342,1155.773067
282.38654,1351,1155.791509
282.86215,1365,1155.820065
44.95331,796,1156.916381
136.69368,1303,1162.550689
272.49866,1470,1162.807018
269.4073,1505,1162.891896
246.86064,1600,1164.309876
263.3542,1535,1165.135033
152.61946,1539,1165.387972
259.50613,1598,1170.67917
107.58786,1082,1172.567855
283.67462,1320,1172.934718
278.5276,1376,1173.026138
275.24265,1441,1173.130961
-62.439754,269,1173.442803
280.36963,1361,1174.640635
276.86606,1432,1175.101043
278.52463,1402,1175.292969
278.6707,1385,1175.619923
-47.77042,344,1176.235653
249.89516,1600,1177.36587
258.18353,1600,1177.879675
254.83173,1600,1178.025701
259.11035,1584,1184.174554
282.84918,1313,1186.649259
276.37064,1419,1186.811944
275.71637,1424,1186.825169
270.55365,1524,1186.972831
147.63705,1202,1188.652507
284.35416,1333,1188.698985
283.41226,1329,1188.877224
278.3838,1406,1189.244248
263.08563,1556,1191.401305
261.44946,1575,1197.474773
266.45218,1481,1197.502095
-116.57766,76,1197.53798
-99.63018,159,1197.761273
258.01212,1576,1198.021959
54.33055,753,1200.581556
282.73596,1327,1201.465323
282.50717,1328,1201.471705
277.01297,1418,1201.613564
284.2552,1322,1202.622985
283.0963,1314,1203.499758
278.1457,1390,1203.62807
280.4473,1367,1203.759836
271.08252,1450,1205.014431
266.74368,1516,1211.481807
260.34424,1565,1211.683743
262.21423,1553,1211.789174
250.11964,1600,1213.191064
282.95456,1305,1215.345186
280.4128,1358,1215.435513
278.88364,1362,1215.446536
277.73877,1405,1215.519733
283.27844,1309,1217.468096
277.6717,1393,1217.557368
279.5443,1375,1217.629243
279.171,1377,1217.722328
25.819359,825,1224.243616
233.9668,1600,1225.438657
259.40836,1580,1225.456437
253.47195,1600,1225.633941
270.0423,1432,1226.63132
63.111145,771,1228.077111
281.9421,1333,1228.931292
277.43604,1379,1229.01038
272.84995,1493,1229.187663
-44.908886,433,1229.58487
269.41385,1498,1235.518168
268.30032,1469,1236.514163
267.52203,1503,1236.767432
245.91731,1600,1237.383042
37.59041,773,1237.817869
269.02383,1453,1238.001116
-16.059769,467,1244.419343
1.1111755,494,1245.1436
285.66446,1278,1245.619779
283.86285,1291,1245.646217
283.69452,1294,1245.656889
-14.881783,473,1246.353361
-23.299278,401,1246.989385
282.11423,1321,1247.18684
284.40482,1279,1247.652847
283.3674,1293,1247.692715
269.13406,1474,1249.485824
151.25343,1376,1249.544057
-111.71063,72,1249.627545
267.00543,1454,1250.208183
265.40738,1495,1250.297174
-2.2851639,575,1256.12753
55.94806,920,1256.160785
282.71988,1322,1258.950219
283.55087,1331,1258.967921
280.31747,1356,1259.010047
279.46454,1371,1259.035992
173.59155,1285,1260.973183
283.02332,1352,1261.0249
284.0953,1305,1261.032125
279.51804,1350,1261.074766
270.17413,1399,1268.329094
263.45117,1505,1268.537688
250.28406,1600,1268.63568
259.8775,1569,1268.647358
-43.80083,345,1270.702334
123.926865,1002,1271.703337
26.064865,706,1271.785195
288.8921,1237,1272.068068
285.25336,1308,1272.178251
44.890976,814,1273.453633
128.33257,1126,1278.379522
274.34045,1409,1278.749797
258.96756,1585,1279.496077
26.373917,803,1280.007662
273.15237,1366,1280.34477
266.61923,1457,1280.687656
59.924454,792,1282.076327
287.51575,1233,1282.70647
285.02737,1271,1282.763605
270.55515,1540,1283.137588
285.85913,1256,1283.87569
280.59454,1298,1289.854988
169.81155,1314,1289.949994
273.36368,1396,1290.52163
264.3886,1505,1291.563699
266.7544,1457,1292.2905
268.09378,1459,1292.391734
267.0459,1454,1292.971088
-66.35036,230,1298.816618
-39.269737,367,1299.030326
288.7306,1237,1300.390294
283.6926,1290,1300.476798
285.74377,1273,1300.787355
129.03564,1302,1301.037206
7.660179,572,1301.29576
53.413315,835,1301.813565
104.6832,1039,1303.029029
69.41275,1198,1303.065351
248.89246,1600,1303.463965
-22.78991,442,1303.780967
270.0926,1440,1304.244144
57.25612,875,1309.797547
31.86351,788,1309.968363
-27.301071,428,1310.78502
70.24303,737,1311.226878
283.84573,1293,1312.014671
282.6082,1313,1312.04533
286.59836,1254,1312.602801
285.747,1248,1313.071097
66.983505,800,1313.799911
283.65732,1289,1313.952205
281.94904,1298,1314.01342
279.60132,1285,1315.04898
57.408768,945,1315.297857
97.247086,1103,1315.750766
273.25348,1372,1316.127086
15.618103,678,1321.570419
113.72574,1131,1321.591049
258.73993,1590,1322.578643
-44.349277,354,1323.197889
67.42456,840,1323.898426
58.34639,869,1323.942351
286.41663,1243,1324.46911
165.8248,1283,1325.019143
283.9654,1269,1325.709541
282.08542,1325,1325.845258
-75.82181,338,1326.419282
174.21616,1418,1326.629937
277.5819,1333,1327.123027
273.47705,1359,1332.608966
270.91287,1418,1333.358124
270.61908,1409,1333.543895
246.69908,1600,1334.310882
-68.589806,193,1334.794528
28.775528,701,1335.507566
290.34943,1213,1336.272815
286.71582,1266,1336.35712
284.56558,1311,1336.700902
-17.48938,420,1336.895363
282.06912,1384,1337.536906
276.206,1398,1343.139829
274.53018,1398,1343.510624
278.1328,1328,1343.604487
264.46655,1478,1344.558912
273.6232,1347,1345.27517
269.44525,1412,1345.74897
258.59885,1600,1346.141095
-74.38329,230,1346.497812
119.63068,887,1347.431888
289.4665,1242,1347.941847
287.63165,1267,1347.979765
285.5185,1275,1348.309155
-6.082451,535,1353.689249
273.86215,1441,1354.523885
275.11954,1382,1354.997348
267.32022,1479,1355.564267
272.9675,1383,1355.875416
266.7408,1492,1361.753186
289.05466,1209,1363.83702
289.6868,1219,1363.8576
286.19684,1264,1363.927986
280.73636,1375,1364.097344
138.13977,1147,1365.529287
288.1707,1218,1365.681652
281.4943,1279,1365.854291
287.76126,1242,1365.972259
278.0865,1306,1367.742707
270.09088,1431,1367.822103
267.76706,1473,1368.178902
270.138,1429,1368.229269
-2.9602356,594,1373.924833
-17.637405,420,1374.960308
290.8739,1193,1376.160156
288.68903,1220,1376.204872
284.0157,1274,1376.298225
284.59955,1277,1376.938386
273.9068,1382,1378.477588
277.7409,1356,1378.570202
273.43973,1414,1378.581538
-90.14942,128,1378.694099
273.11926,1362,1384.132122
275.09018,1362,1385.618668
269.77878,1431,1385.741343
268.27423,1466,1385.914943
290.7752,1186,1387.667933
291.3361,1186,1387.668231
289.69815,1216,1387.718074
287.1544,1249,1387.770934
290.78488,1169,1389.366586
291.80542,1176,1389.429587
288.4224,1234,1389.477552
286.79852,1240,1389.583284
-23.421814,644,1390.591799
276.9183,1332,1396.36892
274.96304,1368,1396.586606
253.37457,1600,1396.745052
275.35718,1360,1397.482809
291.34036,1177,1400.049372
290.31775,1210,1400.100184
290.6376,1220,1400.119365
289.26303,1238,1400.150988
-8.342949,476,1400.778052
290.1684,1212,1401.875766
289.0416,1224,1401.915124
290.14053,1231,1401.95494
288.41592,1197,1407.429116
276.54898,1326,1408.899835
277.6224,1314,1408.961054
274.27365,1381,1409.03293
-51.41655,266,1409.472804
273.1434,1380,1409.693344
-32.328934,319,1416.566678
-1.2415237,438,1416.729921
130.51924,969,1417.487437
67.260544,703,1417.734772
288.91656,1220,1417.859566
-38.29582,307,1418.291303
287.92896,1232,1418.335433
-38.163994,375,1418.977996
284.1933,1244,1419.461741
279.23254,1316,1419.860604
274.8344,1337,1420.505899
275.86343,1328,1421.145489
273.0787,1378,1426.50106
279.21402,1311,1426.795933
35.009933,633,1428.170175
-17.129204,438,1428.828938
289.9002,1201,1429.028296
289.34216,1201,1429.02862
288.04938,1212,1429.049842
291.48706,1181,1430.532881
291.7762,1169,1430.701164
290.77316,1180,1430.737966
288.74533,1215,1430.814702
273.93546,1372,1432.720677
279.1265,1302,1432.804414
274.00797,1374,1432.954148
276.7891,1344,1432.984301
-29.546211,308,1439.836099
24.842735,536,1440.160297
-43.925182,920,1440.720579
71.17453,753,1440.92882
292.07678,1159,1441.081088
154.50822,1197,1442.059677
277.4653,1348,1447.504645
275.39215,1304,1447.660673
271.15662,1426,1448.017548
273.66296,1371,1448.865332
69.795166,1163,1449.403967
11.743721,569,1450.61399
112.58188,895,1451.101535
291.56882,1150,1451.478575
291.00507,1157,1451.493602
289.0826,1217,1452.417238
152.20978,1084,1452.702658
292.7556,1142,1453.170365
291.78433,1190,1453.252102
0.043907166,523,1454.1539
283.28955,1235,1459.271889
281.96365,1281,1459.661117
275.5278,1338,1460.262733
280.31198,1257,1461.030857
270.4543,1422,1461.54102
275.1396,1365,1461.823617
-25.12043,387,1462.656805
-3.2409744,453,1462.753021
-49.683975,332,1463.131902
-33.574738,311,1463.57542
292.05893,1177,1463.786963
289.82147,1182,1463.79904
293.27313,1133,1464.363561
63.517395,709,1464.581048
290.8869,1178,1465.503088
177.77332,1195,1465.539228
283.2085,1301,1471.310812
283.49286,1268,1471.499567
278.83505,1300,1472.5154
278.4537,1301,1472.541243
278.17465,1314,1473.417956
272.75174,1364,1473.693822
-51.04631,247,1479.768946
292.97003,1150,1481.071281
292.38696,1169,1481.103133
286.67853,1296,1481.283238
291.5418,1184,1481.47688
-7.234337,465,1481.737694
281.00424,1314,1483.151054
280.4323,1305,1483.339894
282.8258,1259,1483.493629
272.58795,1411,1484.045495
275.441,1326,1489.968563
277.96878,1302,1490.120289
276.8523,1334,1490.330489
294.16135,1152,1492.187995
291.45413,1173,1492.222232
288.5579,1189,1492.25213
290.5174,1192,1492.261344
80.103424,820,1493.43433
290.92825,1163,1493.942375
289.76343,1208,1493.957648
288.7622,1219,1494.033068
282.54343,1277,1495.461283
278.8058,1306,1496.079811
276.20532,1333,1500.815271
274.15674,1376,1500.964543
278.48636,1309,1502.239113
292.8749,1135,1504.431323
292.69672,1136,1504.437258
288.58942,1207,1504.548926
280.5621,1372,1504.794622
99.47925,895,1505.792178
290.648,1172,1506.212188
291.34354,1164,1506.333691
286.24982,1212,1506.680848
-47.458935,332,1506.870229
-105.750244,142,1506.908976
103.9879,1017,1507.390944
279.43527,1279,1513.072558
276.97913,1324,1513.837923
268.2627,1441,1514.065621
277.1088,1320,1514.405622
-49.169586,332,1514.97993
2.794716,469,1515.866797
35.192,599,1516.072409
292.12354,1146,1516.894964
290.50964,1174,1516.941024
294.41745,1120,1517.54703
292.8928,1131,1517.774928
293.0093,1138,1518.678383
290.32285,1175,1518.696721
285.7073,1236,1524.339718
284.81412,1224,1524.54477
277.54077,1305,1525.601845
274.3241,1389,1525.752207
273.637,1360,1526.540175
281.12393,1245,1526.570855
51.46521,729,1526.961966
117.19751,882,1533.957513
291.9746,1146,1534.366163
290.18533,1161,1534.395597
288.5606,1185,1534.440061
-21.530502,387,1534.995498
286.52426,1211,1535.900923
290.103,1151,1536.256088
280.23203,1253,1536.485545
272.95816,1346,1537.234583
273.6513,1357,1538.1597
280.25598,1262,1543.379242
278.39093,1281,1543.653121
77.48326,803,1545.478153
290.97165,1151,1545.976231
291.32574,1153,1545.983872
288.3486,1189,1546.04062
291.13074,1142,1547.123032
292.3603,1130,1547.610246
291.6585,1130,1547.687999
274.34772,1418,1548.110743
-74.08743,254,1548.547528
92.161514,928,1548.628433
3.3587036,634,1548.706278
-17.400116,479,1549.365158
278.8113,1279,1549.838642
279.17105,1270,1555.534083
272.89484,1346,1555.733057
278.8032,1235,1556.175878
292.4669,1144,1558.328644
291.0336,1144,1558.328959
291.13297,1156,1558.350172
289.11792,1185,1558.395912
290.40887,1135,1559.996685
290.68796,1146,1560.016775
154.90884,1115,1560.034494
168.70319,1185,1560.092167
278.24066,1275,1566.996235
278.8976,1264,1567.018899
275.36514,1313,1567.088933
276.05585,1295,1567.145128
75.097305,959,1568.677849
280.18604,1249,1569.192689
-85.49784,123,1569.462885
-87.82837,129,1569.477783
-88.16042,124,1569.66903
-81.82237,140,1569.693259
-87.039375,135,1569.927606
-16.229591,480,1570.064627
-87.54537,127,1570.139829
-82.7376,134,1570.356145
-80.68909,180,1570.637822
-83.63705,126,1570.828671
-80.88636,146,1571.05182
289.81912,1162,1571.126342
-81.58338,133,1571.255741
-84.867096,129,1571.452672
289.89362,1154,1571.509902
-83.81296,191,1571.742751
-79.61243,160,1571.752267
289.83096,1138,1571.834708
-80.47336,150,1572.021833
-121.65309,92,1572.195832
282.513,1222,1578.042615
281.83972,1230,1578.730303
283.3699,1194,1578.759535
279.69226,1253,1579.195804
280.51007,1255,1580.217268
278.94614,1271,1580.999413
277.82404,1290,1581.064289
62.56874,702,1582.171036
124.66455,892,1582.451855
139.24084,965,1582.56925
290.11044,1151,1582.873786
292.96786,1097,1583.851407
288.6422,1157,1589.129775
291.57196,1122,1589.201835
-89.86193,121,1589.4394
285.70255,1195,1589.68162
79.60089,816,1590.124365
282.78525,1201,1591.17442
281.10892,1223,1591.482041
132.1496,1136,1591.575609
279.63742,1227,1592.21707
33.24382,704,1598.1184
-9.915291,426,1598.994182
14.801346,496,1599.769032
171.57764,1084,1600.028094
289.13254,1148,1600.124625
288.42618,1169,1600.15801
-23.895744,386,1600.712169
286.81396,1150,1601.669362
282.24487,1220,1602.086076
284.9178,1195,1602.189183
-115.6903,81,1602.321638
277.91302,1261,1602.939017
279.56412,1248,1608.887392
278.54697,1253,1609.327838
282.08734,1221,1609.528214
283.82123,1199,1610.134674
-51.879227,268,1610.587915
138.56628,952,1611.598013
293.3912,1107,1611.811226
291.6638,1122,1611.835705
289.7474,1184,1612.294585
-17.332672,371,1612.828114
293.80756,1103,1613.157598
294.5476,1094,1613.370386
290.3295,1155,1613.48993
47.766693,754,1614.600088
279.83136,1288,1614.860653
282.491,1235,1615.149595
279.01706,1280,1615.588529
275.80292,1343,1621.622368
277.07404,1313,1621.839271
280.83704,1252,1622.05163
292.7128,1103,1624.116605
291.2294,1126,1624.160259
290.8108,1143,1624.194249
288.34335,1151,1624.211396
292.08264,1108,1625.768373
291.50525,1102,1625.799745
168.85492,1105,1625.882751
289.7821,1151,1625.981232
-81.835175,200,1626.210763
285.86597,1169,1632.947302
277.7655,1303,1633.135305
279.60168,1254,1633.223063
277.06033,1284,1633.512178
-85.75198,132,1633.7585
285.3265,1159,1635.388593
278.01965,1293,1635.455543
-0.52679443,484,1636.232742
128.30325,921,1636.917847
291.22546,1113,1637.206549
285.52002,1209,1637.351226
138.20317,947,1637.669004
9.375977,542,1643.74754
286.04126,1172,1643.972948
283.01697,1212,1644.382649
280.87912,1264,1644.63824
-80.46903,155,1644.655941
-83.98213,154,1644.926959
35.524734,716,1645.909953
281.4678,1232,1645.92977
277.5638,1287,1646.220776
-98.63152,116,1646.420016
281.94406,1227,1647.087291
-64.274,268,1652.540237
-47.77596,263,1652.919258
289.89465,1148,1653.83506
291.23523,1160,1653.858981
287.81165,1180,1653.895132
3.4936295,471,1654.570649
292.729,1102,1654.57899
40.432755,620,1654.789673
294.34515,1088,1655.54254
-52.292965,377,1656.185372
289.2747,1126,1656.383003
288.66766,1154,1656.434511
270.9547,1434,1657.143537
282.03323,1235,1658.561391
273.40244,1373,1658.605646
280.79767,1260,1658.65734
-7.959648,467,1664.881742
272.70056,1376,1665.074939
26.87796,551,1666.429931
104.206726,986,1667.184755
290.59775,1108,1667.381278
290.79437,1116,1667.399657
-32.821655,349,1667.952837
289.95483,1133,1668.381197
173.61536,1151,1669.141929
291.01785,1112,1669.342989
286.19098,1175,1670.099158
282.52695,1240,1670.634999
281.44824,1242,1671.517311
-76.63809,201,1671.93597
267.9192,1450,1677.560605
136.08723,1120,1677.698586
279.884,1261,1678.441698
35.961655,600,1680.141129
5.2321243,637,1680.202731
107.05626,854,1680.56242
291.8778,1110,1680.962015
289.7438,1144,1681.942991
287.95993,1167,1682.037437
291.1781,1112,1682.297693
286.12448,1164,1682.886293
284.37314,1182,1684.150363
7.7656555,696,1684.236236
281.90164,1246,1684.403129
283.10767,1206,1689.759953
9.460892,597,1690.814098
279.97144,1250,1691.469923
275.90173,1309,1691.66016
279.7516,1246,1691.694226
293.71194,1087,1693.666126
290.7455,1110,1693.707529
289.30695,1137,1693.753304
288.9262,1140,1693.763224
58.34839,660,1694.764627
288.55957,1144,1695.554187
286.66214,1163,1695.682361
271.82574,1404,1701.215927
275.18835,1320,1702.24389
281.2619,1236,1702.888345
278.6776,1254,1703.040976
280.36118,1240,1703.382493
-34.81179,272,1704.773978
290.82895,1111,1706.012531
289.60248,1149,1706.074203
288.71106,1150,1706.080547
289.49048,1136,1706.485069
142.7543,946,1707.492822
287.99106,1158,1712.990892
284.52,1221,1713.038935
284.67126,1183,1713.485783
274.93008,1297,1714.849956
281.07684,1241,1715.149549
277.41626,1301,1715.214506
278.43323,1266,1715.651235
-31.627396,408,1715.908373
289.47845,1113,1723.313263
289.29666,1123,1723.335817
288.3196,1140,1723.370564
287.6677,1146,1723.386741
289.25592,1118,1725.073633
288.7451,1135,1725.156102
285.30115,1165,1725.166727
286.35406,1167,1725.233661
-14.876419,709,1726.451113
280.9537,1201,1727.184298
280.42004,1210,1727.199786
269.66736,1366,1727.409726
280.5239,1225,1733.148185
279.16357,1230,1733.902427
104.7312,874,1735.215158
288.7883,1107,1735.573885
286.7633,1139,1735.625376
286.8982,1151,1735.648268
290.35464,1098,1736.853512
289.4843,1096,1737.196281
289.11105,1104,1737.261784
288.01752,1132,1737.326225
13.412102,558,1738.244287
283.2004,1175,1738.845091
279.36703,1229,1739.312798
275.75806,1292,1739.559983
281.94388,1203,1745.022314
275.31915,1282,1745.697015
282.08502,1202,1746.037875
31.382355,557,1747.104418
119.942825,866,1747.563778
289.32666,1097,1747.920926
285.94492,1159,1748.01824
-30.8684,398,1748.541789
290.06,1082,1748.760338
285.26895,1156,1749.477651
282.7433,1198,1750.071688
282.48035,1199,1755.628153
277.55035,1269,1755.982725
279.83087,1237,1756.558576
282.01547,1206,1757.062458
281.8647,1195,1757.596344
280.93436,1180,1757.938326
117.528336,937,1759.480662
291.02206,1075,1759.688076
291.41998,1080,1759.700252
288.5306,1119,1759.762598
98.391815,806,1760.970977
286.40198,1162,1761.247943
290.19464,1088,1761.378772
290.39542,1096,1761.411272
281.46088,1207,1768.171573
285.8712,1155,1768.501741
281.17062,1220,1768.507867
281.97223,1210,1768.619995
-5.498459,458,1769.386917
269.1186,1405,1770.610586
280.72034,1225,1770.625048
24.366821,491,1776.483789
31.733795,664,1776.767393
75.7814,700,1776.827803
290.56384,1078,1777.411882
62.318634,686,1777.572582
-68.92746,203,1777.87224
291.58023,1093,1778.510512
289.9646,1137,1778.528993
72.2148,705,1778.972588
-29.579979,354,1779.074076
280.64117,1303,1779.442596
289.41998,1107,1780.38204
285.3904,1169,1780.990545
284.18335,1184,1781.133277
10.081207,486,1781.260382
282.10995,1201,1781.605024
280.72418,1219,1788.179552
281.59238,1201,1788.408532
278.50974,1272,1788.430465
284.08365,1178,1788.71415
-42.52519,294,1789.383626
-66.91729,183,1789.674611
14.43148,723,1790.065483
294.8914,1057,1790.599745
291.61557,1084,1790.648411
290.31995,1115,1791.391116
290.44522,1093,1791.722653
293.31857,1069,1792.208635
290.3358,1118,1792.259607
-98.133514,145,1792.456205
274.86362,1344,1793.500744
285.811,1145,1793.545497
64.5681,982,1793.868821
279.27402,1242,1794.498956
282.55823,1191,1800.140864
280.74323,1221,1800.236285
284.9034,1152,1800.450736
-71.82155,206,1801.332796
73.19885,752,1802.138212
116.98309,948,1802.429666
292.1309,1088,1802.653772
145.93158,1021,1802.874792
39.853622,615,1803.096749
19.651665,494,1803.24484
32.05754,575,1803.633175
280.55,1236,1804.931165
279.99686,1218,1809.866944
284.18076,1171,1809.916929
280.81326,1217,1810.345029
-38.031986,372,1810.97261
284.03876,1167,1811.850003
274.4198,1329,1811.878356
278.4646,1255,1811.96204
47.98439,609,1812.900179
146.32433,1018,1813.497953
292.06174,1075,1813.596982
171.33069,1130,1813.69035
291.4799,1082,1814.576943
286.99817,1150,1815.448839
286.30014,1120,1815.506095
284.86765,1175,1815.710647
280.2623,1231,1821.467034
172.70242,1156,1822.176157
147.6439,1088,1822.249282
279.10147,1240,1822.279999
285.10306,1143,1823.380852
56.13199,684,1824.580484
-38.61505,267,1824.990847
291.4811,1080,1825.191933
289.25308,1107,1825.236734
290.09326,1109,1825.244402
108.44905,906,1826.568097
291.98453,1068,1826.62566
293.09177,1061,1826.850633
289.89563,1119,1826.944988
284.04645,1173,1833.559939
283.625,1184,1833.643425
280.8714,1209,1833.942723
281.88586,1178,1833.997438
-24.831299,374,1834.568619
32.508957,656,1834.67941
283.37045,1151,1835.59424
285.30127,1149,1840.946571
-79.34272,139,1841.447404
-79.75885,141,1841.454919
-81.85919,143,1841.462357
-83.53266,157,1841.486841
-83.63542,129,1841.652211
-80.535416,133,1841.68766
-78.876884,184,1841.947778
-80.477646,139,1842.170917
-79.554535,139,1842.390079
-84.29999,121,1842.583187
-79.291824,128,1842.786623
17.649117,703,1842.809008
-81.89183,123,1842.97809
-79.82718,124,1843.001638
-82.19355,124,1843.165791
290.38275,1085,1843.166074
-80.9774,141,1843.211402
-79.559296,117,1843.331508
-90.51076,141,1843.369051
-79.363976,125,1843.392862
277.22522,1310,1843.489657
-78.36424,129,1843.553216
-81.2883,127,1843.59639
-81.30472,127,1843.626074
-80.380844,144,1843.768798
282.36243,1173,1845.563574
281.5406,1183,1845.620775
281.01495,1198,1845.674292
285.92487,1118,1845.684669
283.24078,1154,1852.308159
283.13107,1186,1852.308529
284.72873,1131,1852.325168
278.79953,1226,1852.497687
291.517,1080,1854.12443
291.17322,1081,1854.133474
289.35077,1102,1854.168394
168.13425,1104,1854.17659
157.60013,1004,1855.736624
169.5279,1061,1855.831155
290.99063,1091,1855.859485
287.59888,1112,1855.898215
287.46884,1120,1857.690129
280.14478,1215,1857.743846
281.65775,1199,1857.81965
272.93753,1302,1858.033028
-25.130493,390,1863.141528
17.920105,604,1863.621227
284.96545,1132,1864.47519
118.82706,959,1864.482163
291.6031,1071,1866.450872
289.7713,1076,1866.464625
289.44092,1096,1866.499316
280.4054,1265,1866.754399
-53.814754,217,1866.835831
88.301254,791,1868.153592
287.10843,1098,1868.365627
285.99985,1110,1868.404885
282.03165,1203,1873.735265
286.1104,1120,1874.826748
284.03674,1137,1875.039303
-77.49626,171,1875.115254
283.3661,1182,1875.15539
283.31674,1150,1875.633986
-27.400192,361,1876.404001
-2.6917572,402,1876.469131
291.36563,1059,1877.452312
292.27557,1067,1877.471085
53.57318,717,1877.554676
97.373276,806,1877.65158
287.33917,1100,1884.833897
283.19147,1163,1885.035295
278.81085,1233,1885.07013
282.91418,1159,1885.11816
280.65378,1174,1886.822633
286.99997,1103,1886.939594
287.47467,1093,1886.969558
282.37384,1157,1887.006181
291.24088,1057,1893.582595
290.57828,1072,1893.60881
290.65192,1072,1893.609178
291.3224,1074,1893.616882
-33.75316,283,1894.026381
16.597435,547,1894.458654
56.770065,638,1894.603487
292.99655,1040,1895.179541
275.27478,1291,1896.101162
285.67407,1127,1896.302474
286.2262,1135,1896.483343
286.76508,1126,1897.13164
29.875214,610,1897.322988
285.8372,1147,1898.006196
283.69275,1160,1898.39974
284.0765,1140,1903.747276
279.60406,1213,1904.075834
29.573776,660,1905.135258
292.3902,1049,1905.724479
288.88388,1084,1905.781375
287.8536,1116,1905.83962
99.88768,781,1906.325566
284.89383,1140,1907.678367
285.87225,1123,1907.766035
283.08112,1186,1907.823933
279.663,1213,1908.461673
285.51083,1115,1914.214295
284.96655,1132,1914.332649
285.66428,1112,1914.357832
282.93127,1160,1915.081106
291.63782,1045,1916.800783
289.72748,1064,1916.833056
288.962,1076,1916.856233
290.16635,1077,1916.863135
-14.462578,378,1917.419567
286.43933,1104,1918.703202
284.53058,1153,1918.734725
277.94586,1262,1918.947564
282.68567,1151,1924.25655
284.91095,1122,1925.412781
281.8821,1159,1925.451822
276.79663,1231,1925.816858
280.95883,1170,1926.191539
292.8635,1035,1928.014101
287.97998,1088,1928.09652
289.14713,1088,1928.096815
281.43677,1219,1928.282107
-7.788826,432,1928.624542
289.06345,1081,1934.958539
281.6274,1211,1935.176383
282.67377,1180,1935.351333
-14.8703,414,1935.66171
280.45847,1202,1935.808714
283.33347,1155,1937.094028
285.1282,1131,1937.232543
284.0791,1150,1937.557688
278.46588,1254,1937.881072
293.72293,1032,1939.484068
290.72235,1065,1939.538706
290.7519,1067,1939.546831
289.34692,1116,1939.62063
291.50708,1064,1941.086879
290.7687,1074,1941.203837
286.77997,1126,1941.210217
284.12442,1184,1941.253701
290.75632,1070,1948.145208
284.92105,1153,1948.185636
287.2869,1139,1948.264071
281.55286,1209,1948.421396
101.71454,934,1949.815785
284.2027,1152,1950.055966
286.3035,1136,1954.755265
286.44086,1129,1954.989794
127.899734,867,1956.446585
178.94113,1072,1956.756303
290.78973,1081,1956.775951
285.22354,1181,1956.935126
291.85294,1062,1958.036554
117.46124,826,1958.179844
291.3603,1079,1958.442258
288.7583,1109,1958.4839
85.724976,816,1959.506593
15.888031,720,1959.74926
127.49808,932,1960.150865
284.17883,1176,1960.264503
285.35193,1153,1966.339236
282.27567,1196,1966.627666
282.37802,1179,1966.978989
285.48526,1134,1967.022919
293.30078,1061,1968.727293
293.018,1062,1968.733157
291.73148,1072,1968.753544
290.23526,1106,1968.804694
-65.43959,183,1969.008553
127.66304,989,1970.470319
161.84283,1127,1970.655338
282.26453,1201,1970.766236
-15.436661,363,1971.105127
278.4329,1249,1971.169282
286.09775,1128,1977.465692
171.17749,1192,1977.673777
285.6918,1142,1977.920415
281.93567,1194,1978.058511
292.9364,1056,1979.695845
292.45865,1065,1979.714429
292.50406,1075,1979.733476
289.04318,1113,1979.794778
21.738937,573,1980.577058
290.6535,1097,1981.309905
292.30997,1089,1981.431016
286.80005,1178,1981.505929
289.0893,1124,1982.37653
30.778976,627,1982.534521
285.85938,1145,1988.092274
279.10876,1239,1988.350474
285.63837,1147,1989.1603
278.25204,1277,1989.54695
285.9562,1127,1990.031113
286.3555,1128,1990.275346
132.62845,902,1991.741277
291.7983,1080,1991.998565
291.13196,1084,1992.010623
290.28708,1103,1992.041863
295.41742,1030,1993.257958
292.52032,1079,1993.596819
292.80414,1076,1993.602642
289.60733,1143,1993.757335
283.54187,1181,2000.190011
288.7192,1101,2000.452777
286.03976,1130,2000.511942
283.47043,1171,2000.742883
280.79675,1212,2002.304627
284.08456,1145,2002.494824
280.48083,1241,2002.606097
284.87924,1168,2002.746948
-42.66231,324,2002.854173
-52.303703,253,2003.238328
294.17575,1039,2004.382624
292.13504,1065,2004.424272
292.86176,1066,2004.430516
292.46802,1067,2004.790637
288.29858,1108,2011.068594
287.13074,1119,2011.090848
284.92288,1167,2011.132819
280.43588,1211,2011.688585
288.0814,1102,2012.888909
287.83267,1107,2012.943166
286.84088,1139,2012.943556
282.74557,1191,2018.345891
290.99304,1061,2020.106964
291.6312,1067,2020.12185
290.50885,1076,2020.139642
-25.917816,379,2020.676619
267.50677,1481,2020.718046
292.1037,1060,2021.640018
177.68909,1091,2021.697208
290.9315,1073,2022.335856
286.92725,1126,2022.470193
283.44745,1165,2023.652042
277.59665,1285,2023.91773
277.93594,1248,2029.463109
283.2599,1170,2029.46912
287.74127,1113,2030.45653
285.71106,1154,2030.751681
112.27905,828,2031.989182
290.9449,1065,2032.326074
289.7638,1086,2032.363548
-52.615456,277,2032.400578
288.19223,1119,2032.430475
14.771072,468,2033.083544
286.86667,1112,2034.146405
288.5977,1097,2034.19228
288.19397,1110,2034.240483
284.00204,1165,2035.092239
285.34042,1122,2041.077619
283.0572,1164,2041.111346
285.28632,1148,2041.175041
284.78305,1160,2042.006585
292.9378,1033,2043.814847
292.02823,1055,2043.854033
290.11847,1093,2043.91633
285.72623,1143,2043.989907
55.070175,751,2045.036709
294.03226,1042,2045.398905
175.44733,1107,2045.484805
291.38797,1061,2045.591677
68.79736,770,2051.865559
281.23724,1205,2051.999247
286.75113,1105,2052.339021
282.6807,1183,2052.402115
288.7726,1097,2053.824824
279.83084,1225,2053.914961
285.72238,1141,2054.225072
284.03125,1162,2054.328403
-1.5876389,405,2055.209105
289.8354,1070,2056.18468
185.09921,1081,2056.205914
286.028,1172,2056.348561
290.86368,1074,2056.814996
291.9085,1050,2057.771108
289.48022,1104,2057.836209
292.8435,1031,2057.899958
288.48322,1116,2063.57461
168.39532,1059,2064.692669
285.62106,1131,2064.747568
283.77527,1172,2064.950745
285.50772,1147,2065.542792
287.71582,1111,2066.557001
281.50412,1203,2066.761467
283.9469,1150,2071.630897
293.0513,1036,2073.414163
291.9135,1043,2073.429842
292.7542,1045,2073.438313
291.02438,1089,2073.508877
290.6363,1076,2075.060848
291.6673,1071,2075.071492
291.0005,1083,2075.130898
290.89914,1061,2075.174887
286.52008,1116,2077.068093
286.42035,1124,2077.101384
281.34045,1210,2077.288579
278.72006,1260,2077.312373
117.41649,907,2083.463362
283.8522,1187,2083.984315
285.60025,1155,2084.118058
285.64334,1147,2084.130327
-44.4333,280,2084.705688
291.41742,1070,2085.863034
291.3317,1071,2085.868879
290.9319,1097,2085.911865
292.67853,1066,2086.267148
291.0609,1072,2087.445252
290.54385,1086,2087.469408
291.33664,1067,2087.486783
284.82394,1180,2088.106391
288.19595,1127,2089.477211
286.0615,1159,2089.52504
278.16827,1261,2089.688042
286.00748,1133,2095.135598
287.11316,1126,2096.461355
279.16144,1220,2096.589634
286.5809,1125,2096.626818
293.46323,1037,2098.44927
294.21317,1040,2098.459087
293.00995,1041,2098.465253
293.50177,1054,2098.489658
293.8634,1038,2100.026055
292.4427,1060,2100.108277
290.54044,1098,2100.172076
287.20505,1133,2100.266395
283.88138,1178,2106.911943
284.86502,1166,2106.937914
284.86526,1134,2106.949925
281.90933,1178,2107.118495
287.1253,1103,2108.826631
286.90643,1124,2108.890102
286.47455,1154,2108.952408
287.5745,1116,2109.051242
291.5526,1050,2110.769672
292.20105,1053,2110.779069
293.48212,1058,2110.792566
292.1579,1068,2110.813863
293.31186,1046,2112.336541
292.0704,1050,2112.367712
289.96506,1090,2112.449586
291.89804,1082,2112.458395
287.09018,1131,2119.281512
286.17783,1121,2119.351554
287.92972,1123,2119.351881
281.9812,1197,2119.394428
-131.15381,155,2119.56128
289.50558,1097,2121.261373
287.7963,1143,2121.306675
285.9941,1163,2121.345182
294.93033,1048,2123.141523
291.3529,1064,2123.167047
292.49683,1067,2123.175377
291.74387,1077,2123.193986
292.1701,1055,2124.699472
292.4921,1046,2124.716216
292.85474,1054,2124.752299
291.60706,1077,2124.776511
287.6608,1103,2131.402529
287.03915,1122,2131.429555
288.75836,1114,2131.470638
286.65573,1154,2131.569425
287.72107,1120,2138.160257
286.9796,1110,2138.169032
286.62436,1144,2138.263701
286.97098,1125,2138.324883
-23.539703,325,2139.204662
-6.483101,437,2139.378269
80.97455,687,2139.771777
294.1082,1046,2140.367474
294.26093,1024,2140.842634
294.54156,1051,2141.084071
288.63007,1108,2141.612095
289.49365,1074,2142.151783
283.48312,1194,2142.904086
289.2166,1105,2142.985845
-76.22837,133,2143.193928
280.7443,1204,2148.4502
288.3311,1122,2148.84487
75.85112,709,2149.166155
289.82422,1092,2149.499016
295.35294,1038,2151.390429
293.86102,1039,2151.397509
295.3508,1041,2151.405157
294.1038,1047,2151.418571
294.54962,1025,2152.963341
293.8243,1042,2152.999802
294.92352,1038,2153.007814
292.10938,1060,2153.06805
290.6808,1090,2154.889973
290.3485,1081,2154.913406
289.6866,1123,2155.011638
286.55737,1159,2155.050654
291.0682,1053,2161.428476
288.2373,1122,2161.44978
283.81262,1193,2161.549993
287.16193,1145,2161.628434
292.78824,1062,2163.545137
293.5045,1068,2163.558713
292.0677,1077,2163.576188
292.30402,1098,2163.612702
92.731705,764,2164.70869
136.85178,858,2164.904252
295.23502,1027,2165.128402
293.04498,1046,2165.155609
289.2971,1123,2171.399697
289.44586,1113,2171.589112
285.4482,1168,2171.925789
285.34073,1173,2171.944304
-43.33475,327,2172.486989
289.08316,1110,2173.270067
288.92282,1119,2173.472073
291.1252,1067,2173.744402
292.2413,1039,2175.71665
293.77042,1040,2175.722584
293.00687,1045,2175.73474
289.0327,1147,2175.885636
51.184906,801,2176.912683
293.78183,1026,2177.317114
292.8596,1042,2177.341803
292.0811,1077,2182.569577
10.346146,477,2183.383646
279.05923,1277,2184.102618
287.76276,1114,2184.225693
286.38715,1137,2184.287814
5.093292,451,2184.993353
283.14136,1190,2185.417742
287.84546,1140,2191.167024
289.7669,1087,2191.25429
295.106,1030,2192.906344
294.87122,1041,2192.929577
294.42493,1048,2192.945286
292.5281,1062,2192.970645
295.6031,1026,2194.439591
293.3538,1042,2194.48971
294.60898,1034,2194.515917
293.13147,1060,2194.528046
289.06796,1104,2196.249886
289.90427,1088,2196.294717
284.5733,1163,2196.42752
275.2676,1330,2196.685638
290.4779,1102,2202.997313
287.30652,1144,2203.12167
287.5214,1141,2203.259166
286.86005,1117,2203.481914
151.08653,1014,2205.090732
295.0086,1035,2205.124686
294.14377,1054,2205.154874
290.99902,1093,2205.211377
293.63968,1032,2206.594017
294.5788,1031,2206.629379
292.62955,1059,2206.703943
294.7729,1033,2206.728107
-34.56669,324,2207.135944
289.62103,1084,2208.425522
289.08533,1075,2208.495164
285.37582,1146,2208.63878
290.5228,1084,2208.94923
288.08313,1089,2214.938382
280.29825,1222,2215.101177
288.75388,1100,2215.101519
291.47562,1057,2215.341072
296.4949,1014,2217.026683
293.5403,1018,2217.038581
293.70514,1035,2217.06712
293.6258,1040,2217.083073
294.75903,1017,2218.534547
293.9103,1041,2218.597071
294.0154,1039,2218.634039
293.45367,1059,2218.662565
287.01077,1115,2225.069889
286.78787,1133,2225.14873
283.41064,1177,2225.256728
282.03912,1182,2225.294731
288.78842,1090,2227.002654
285.10193,1141,2227.018669
290.94772,1093,2227.154676
288.2209,1097,2227.207609
294.61777,1024,2229.160031
294.93347,1026,2229.169251
294.093,1040,2229.200719
292.14145,1047,2229.216286
293.50238,1040,2230.808392
292.47717,1051,2230.848768
291.7323,1087,2230.948984
287.94604,1156,2231.055336
288.8287,1107,2237.33401
292.0274,1062,2237.481664
282.3804,1197,2237.512662
285.22263,1152,2237.537195
290.9864,1067,2239.116498
288.8591,1107,2239.323831
289.0283,1091,2239.324166
287.3346,1122,2239.398081
296.03616,1005,2241.101137
296.41736,1019,2241.125551
294.6098,1038,2241.157085
292.51846,1079,2241.220754
293.53287,1016,2242.588786
294.04474,1018,2242.745049
293.0026,1062,2242.756945
289.84906,1089,2247.681741
287.61722,1144,2249.38238
288.74933,1082,2249.413682
286.0484,1121,2249.473089
282.40125,1202,2249.618271
-81.18152,132,2249.821546
288.35373,1105,2256.258882
282.43933,1173,2256.287551
282.43018,1200,2256.367638
295.39868,1016,2258.074208
295.75198,1019,2258.082886
293.8481,1021,2258.089898
295.37637,1024,2258.098598
295.87173,1012,2259.516852
294.87665,1014,2259.528703
294.06683,1029,2259.576099
293.7202,1057,2259.630814
290.2735,1087,2261.292231
289.629,1081,2261.306418
287.00348,1110,2261.347085
291.62106,1076,2261.358259
290.6479,1083,2267.922406
289.95486,1082,2267.96248
289.51645,1080,2267.970773
283.97452,1152,2268.043251
296.6906,1008,2269.986639
295.27426,1012,2269.996936
294.8715,1025,2270.01903
294.80795,1037,2270.04057
296.1279,1023,2271.433802
295.5918,1016,2271.483066
295.8935,1013,2271.503047
292.77618,1047,2271.522434
286.91998,1114,2273.283662
286.94492,1109,2273.299109
286.65842,1114,2273.345168
286.401,1126,2273.35584
290.05328,1068,2279.796021
287.37894,1112,2279.86975
288.87814,1090,2279.884744
286.76138,1118,2279.942852
294.35538,1024,2281.830105
295.18683,1030,2281.844321
293.23166,1044,2281.873164
293.47522,1061,2281.90443
296.52048,1007,2283.321519
294.31836,1036,2283.359365
296.20218,1024,2283.375309
296.78732,1020,2283.398288
291.8169,1053,2289.827129
289.86035,1089,2289.841164
288.52792,1110,2289.923962
281.74896,1205,2290.121645
288.5577,1095,2291.663338
290.19962,1094,2291.73783
285.0614,1147,2291.750356
289.31772,1096,2291.93886
33.949875,578,2293.142231
81.8864,712,2293.338844
296.50513,1013,2293.784941
292.83768,1062,2293.863593
295.7969,1006,2294.638916
291.18582,1054,2294.997365
291.44614,1085,2300.397525
290.57703,1073,2300.463173
284.60486,1141,2301.420724
292.31235,1067,2301.59385
290.93753,1053,2302.123761
291.4268,1054,2302.192283
290.16882,1087,2303.239328
-112.375786,73,2303.365767
290.6086,1079,2303.422587
112.134445,894,2308.847074
296.0697,1016,2310.303189
296.6072,1016,2310.303575
294.39096,1031,2310.32839
295.73288,1033,2310.336037
295.80423,1023,2311.767779
295.94516,1014,2311.785381
292.94992,1046,2311.815789
294.58975,1035,2311.828013
290.76007,1054,2313.563304
290.79932,1074,2313.575377
289.1968,1103,2313.613773
287.65085,1114,2313.678155
288.6423,1076,2320.192352
288.67743,1093,2320.262869
285.22824,1133,2320.292593
288.50912,1103,2320.350962
295.13995,1033,2322.46641
292.1572,1047,2322.493807
290.3479,1089,2322.55977
287.19897,1148,2322.647756
294.1424,1025,2324.000307
293.77588,1048,2324.057114
294.04434,1014,2324.073258
295.21118,1017,2324.17229
288.68793,1088,2325.775035
290.38904,1060,2325.795663
288.91016,1088,2325.861581
287.97705,1109,2326.001863
287.5,1101,2332.423906
287.25623,1114,2332.467056
289.51233,1089,2332.489842
287.54443,1109,2332.660592
296.9963,1010,2334.666635
294.34238,1024,2334.691238
296.56357,1029,2334.702958
295.318,1031,2334.71055
295.7584,1019,2336.151989
295.6458,1011,2336.177678
294.81577,1027,2336.20705
293.61014,1051,2336.275667
287.89746,1110,2342.890857
287.15982,1134,2342.91321
286.2824,1148,2342.919817
282.04282,1187,2343.055526
288.90228,1104,2344.713161
288.24258,1114,2344.757251
287.08307,1118,2344.767295
286.7016,1122,2344.921942
294.80582,1030,2346.805429
294.52658,1048,2346.840252
294.31982,1048,2346.840573
293.90973,1059,2346.865929
297.0905,1017,2348.384074
296.4446,1026,2348.431475
295.07086,1037,2348.469803
294.7603,1045,2348.508392
289.70715,1065,2354.867729
288.85452,1090,2355.001441
288.09088,1112,2355.011202
282.98975,1180,2355.103466
287.41278,1120,2356.759187
288.7689,1098,2356.882216
286.13385,1142,2356.96917
288.72937,1096,2356.993289
297.51834,1003,2358.865508
296.3546,1018,2358.894308
296.2994,1023,2358.907864
297.08496,1039,2358.935778
296.35724,1020,2360.4456
296.19968,1021,2360.479082
295.01254,1038,2360.500756
295.1185,1038,2360.533889
291.7185,1075,2366.997483
292.11053,1067,2367.023804
289.8167,1080,2367.068426
287.36417,1154,2367.238366
288.43164,1108,2368.886691
286.58636,1136,2374.335768
288.14746,1128,2374.371079
288.69785,1097,2374.489461
296.01553,1027,2376.43956
295.132,1032,2376.451702
295.67224,1036,2376.462389
293.93787,1054,2376.492877
295.6319,1034,2377.957208
294.36908,1045,2378.000059
293.17117,1045,2378.040546
289.68094,1107,2378.118012
290.48495,1066,2379.774106
287.76614,1120,2379.904047
289.6953,1091,2379.932848
280.84958,1211,2379.997322
289.16583,1095,2386.392569
290.95496,1063,2386.477236
289.20877,1097,2386.5693
287.82422,1118,2386.677853
294.9524,1024,2388.467317
295.18747,1034,2388.48571
293.36978,1058,2388.521834
292.6007,1083,2388.55892
296.98553,1011,2389.919127
294.78137,1047,2389.99027
294.69507,1048,2390.032234
293.95053,1047,2390.085891
285.5794,1155,2391.826671
286.30923,1127,2391.863153
287.1535,1121,2391.89998
286.5455,1125,2391.949199
291.20566,1051,2398.471957
289.34937,1104,2398.501796
287.8649,1110,2398.541263
288.10855,1140,2398.670176
296.85898,1026,2400.537161
296.87906,1039,2400.561026
297.6286,1044,2400.574567
294.27646,1066,2400.610955
298.04175,1040,2402.077785
295.99945,1045,2402.116373
294.23416,1072,2402.153498
295.85367,1054,2402.185751
289.1403,1099,2408.662403
291.815,1047,2408.669846
290.13422,1093,2408.69688
287.09366,1114,2408.769381
289.7676,1087,2410.500103
289.3709,1102,2410.524859
288.50894,1111,2410.572326
289.2726,1088,2410.608315
298.6396,1013,2412.706494
296.82272,1020,2412.722395
296.5293,1033,2412.74759
294.64084,1055,2412.785719
297.50873,1024,2414.234799
297.90094,1023,2414.249411
296.66223,1014,2414.339245
296.2354,1051,2414.37318
293.02518,1048,2421.061875
287.7732,1112,2421.189169
289.10565,1095,2421.234954
287.2288,1122,2421.26193
293.76535,1021,2423.108137
287.53467,1123,2423.132046
289.8507,1081,2423.19441
285.73993,1149,2423.412798
297.49323,1010,2430.535128
296.16843,1014,2430.54602
294.23,1051,2430.604254
293.9521,1055,2430.615497
297.63962,1008,2432.103537
295.22104,1037,2432.159343
295.75955,1017,2432.217694
295.60492,1024,2432.244364
291.88412,1061,2434.111772
290.78625,1077,2434.223481
288.38098,1106,2434.315737
287.76688,1124,2434.378686
291.51346,1068,2441.514113
290.03818,1086,2441.642316
291.35413,1073,2441.763924
286.39215,1105,2441.775073
297.65945,1007,2444.005317
296.57074,1008,2444.011999
296.60312,1022,2444.04072
294.32953,1051,2444.09852
296.96548,1015,2445.726691
296.2114,1016,2445.756018
298.45364,998,2445.793481
293.28085,1074,2445.865428
291.8929,1067,2447.692353
290.11606,1086,2447.757221
290.31143,1084,2447.776841
286.5941,1148,2447.952562
288.5541,1095,2455.091629
292.31528,1053,2455.100061
290.32178,1102,2455.17425
290.18372,1074,2455.321164
296.99258,1000,2457.267177
295.55447,1003,2457.276123
297.29187,1013,2457.296372
296.2227,1017,2457.308838
296.99542,1009,2458.830797
295.30258,1024,2458.838426
296.1856,1025,2458.873223
292.61356,1070,2458.924981
290.89493,1079,2460.743357
291.462,1091,2460.767029
288.17123,1115,2466.21496
290.22696,1092,2466.233091
292.3934,1061,2467.987812
288.7012,1107,2468.054909
288.8671,1105,2468.151366
286.0188,1142,2468.235559
297.5492,999,2470.189485
296.62427,999,2470.189826
296.59094,1005,2470.202513
296.60904,1022,2470.230254
296.32785,993,2471.647639
297.13934,999,2471.684879
294.62656,1029,2471.731678
293.53113,1055,2471.815351
287.5187,1126,2478.603844
288.1223,1123,2478.62738
292.16052,1050,2478.627743
288.56317,1115,2478.662611
289.93594,1066,2480.443757
289.5509,1067,2480.449935
289.13654,1079,2480.460213
289.4405,1090,2480.524205
298.3229,980,2482.387146
295.76364,997,2482.419834
294.3267,1012,2482.447399
295.90756,1020,2482.464426
297.2613,973,2483.9173
296.51233,1012,2483.955408
296.87997,999,2483.994037
293.52502,1044,2484.086676
289.367,1101,2490.943497
291.06216,1083,2490.954364
289.79242,1092,2491.00253
289.16806,1105,2491.110541
289.60623,1071,2492.750774
291.14847,1070,2492.806777
293.6343,1041,2492.877203
286.1027,1153,2492.917078
297.51193,1007,2499.830859
298.04434,1008,2499.837683
296.8276,1017,2499.859759
296.32373,1024,2499.877869
298.5573,981,2501.360588
297.9375,993,2501.384758
296.167,1018,2501.438096
295.68948,1042,2501.490784
289.55566,1103,2503.24976
290.42764,1091,2503.255918
292.13797,1069,2503.281304
289.42325,1099,2503.384058
290.71222,1071,2509.818615
290.41653,1082,2509.841093
291.40533,1076,2509.85785
290.89536,1077,2509.961271
297.51007,997,2512.038141
296.2626,1009,2512.0612
296.69244,1019,2512.082156
294.21124,1045,2512.130295
297.0561,1015,2513.614245
298.2456,994,2513.62294
297.58597,993,2513.670043
294.73715,1030,2513.68836
291.95352,1058,2515.603728
288.32837,1098,2515.682359
288.472,1113,2515.763893
287.82422,1124,2515.791896
290.98007,1051,2522.439902
286.1537,1121,2522.498701
292.37424,1040,2522.522393
287.1794,1130,2522.665297
296.7376,997,2524.60017
295.18872,1015,2524.632939
294.85547,1040,2524.679049
293.21964,1045,2524.69097
295.17212,1016,2526.187654
294.96814,1026,2526.23826
295.817,1026,2526.29967
292.58307,1039,2526.334996
-118.25521,106,2526.448436
292.9269,1048,2533.19077
291.89447,1036,2533.295095
284.9651,1131,2533.44713
289.64975,1062,2533.475173
289.50153,1069,2535.042717
288.66507,1098,2535.201658
290.6548,1042,2535.262972
288.93207,1067,2535.290494
297.14755,1001,2537.343019
295.07166,1004,2537.352867
294.73,1004,2537.353251
294.3153,1018,2537.379065
294.33923,1020,2538.986634
294.0188,1033,2539.014262
294.78024,1025,2539.045799
290.20184,1085,2539.137558
288.8734,1081,2545.888965
293.06125,1022,2545.89903
289.805,1076,2545.922257
286.5855,1126,2545.995107
-109.77503,213,2546.25442
293.78622,1010,2547.691268
288.57162,1099,2547.955099
283.09076,1187,2548.041272
289.11093,1085,2548.219633
297.40036,961,2554.906277
297.38235,988,2554.953822
296.18427,1008,2554.990832
294.0726,1036,2555.04175
295.3153,1013,2556.522921
294.54276,1027,2556.646491
294.87125,1019,2556.684565
290.19162,1091,2556.734119
292.7362,1030,2558.318703
292.9127,1037,2558.48954
288.06015,1088,2558.555277
291.1093,1062,2558.591623
290.23303,1063,2565.156922
289.48944,1062,2565.324312
291.61023,1042,2565.388165
290.39938,1062,2565.396878
296.45517,970,2567.490234
293.80762,1008,2567.553708
294.20374,1009,2567.560332
293.5744,1019,2567.583849
297.2844,967,2569.073551
293.59375,1020,2569.10459
296.49182,983,2569.129214
297.5221,974,2569.136338
290.7762,1052,2570.863716
291.09018,1041,2570.879324
288.86465,1071,2570.932573
288.80353,1093,2570.970271
-109.31989,151,2571.216828
290.43674,1053,2577.517311
288.7353,1084,2577.564234
287.84775,1105,2577.673357
186.423,1061,2577.906063
297.64297,976,2579.782753
295.06226,994,2579.813179
296.23846,998,2579.82415
293.0068,1047,2579.901065
296.6978,971,2581.190351
296.41434,979,2581.237023
294.60187,1017,2581.291646
296.2262,986,2581.346959
290.9336,1037,2582.990175
287.2571,1101,2583.05355
288.6783,1069,2588.107629
290.96652,1052,2588.122574
292.4506,1030,2589.783544
293.5557,1031,2589.911773
288.02472,1080,2589.944316
287.62924,1105,2590.051537
296.6589,972,2592.099799
295.25943,991,2592.134864
296.72308,994,2592.14616
295.51074,1029,2592.208395
298.24915,979,2593.646619
298.36188,965,2593.663991
296.42603,983,2593.690928
295.93716,990,2593.765054
293.67648,1016,2600.300422
290.2247,1062,2600.413624
288.56476,1102,2600.456151
-118.025826,133,2600.52328
288.09164,1091,2600.544349
291.6728,1027,2602.1449
290.16043,1052,2602.23833
293.01944,1019,2602.270227
293.47177,1032,2602.281138
297.15686,966,2604.455882
295.79007,969,2604.4676
296.91302,975,2604.486487
296.51602,983,2604.50689
297.3546,955,2605.988929
297.95197,959,2606.023932
297.00882,979,2606.04659
294.13214,998,2606.08876
-115.551186,81,2606.211983
293.0324,1013,2612.408326
293.09024,1010,2612.487709
177.61041,1047,2612.513765
293.10117,1035,2612.660206
292.07693,1026,2614.19774
291.96295,1027,2614.275087
292.2451,1045,2614.328004
289.69974,1066,2614.505526
26.593674,451,2620.754583
297.33972,953,2621.492104
296.19177,975,2621.527798
291.62057,1070,2621.665876
292.76273,1036,2622.290641
295.56934,984,2623.061564
291.37842,1047,2623.200843
294.806,996,2623.276219
290.13794,1052,2624.067428
291.07748,1045,2624.806908
291.82144,1047,2624.953565
291.77213,1046,2625.032523
