#{"t_start": 1766933930.0687442, "env_id": "BipedalWalkerHardcore-v3"}
r,l,t
-96.862766,98,13.820174
-107.095987,44,13.886476
-99.596969,2000,16.662301
-103.078545,36,16.712611
-106.434583,2000,39.26659
-116.565002,2000,64.256146
-174.801362,1573,84.197866
-106.677126,51,84.30199
-130.116045,2000,109.926087
-115.353171,50,110.030077
-127.682395,309,113.972095
-136.32101,2000,139.585622
-111.850244,39,139.666237
-135.361487,160,142.042375
-129.830766,158,143.722388
-133.928469,2000,168.655072
-120.732717,219,171.828664
-122.029236,2000,196.819308
-128.091825,2000,221.844709
-89.988873,378,226.614571
-103.771979,2000,251.736274
-100.326432,154,254.163196
-121.904831,253,257.452449
-108.807171,2000,282.531344
-117.321795,2000,307.523935
-107.441427,2000,333.114582
-185.775162,1606,353.228722
-80.388133,2000,378.156289
-104.567042,2000,403.01979
-119.483617,78,403.864289
-123.878541,77,405.36983
-109.107153,105,406.258058
-122.243854,65,407.062053
-120.867683,56,407.843735
-89.742099,221,411.00742
-98.063416,2000,435.916346
-55.593292,2000,460.56031
-70.162296,316,464.632239
-98.829172,814,474.968955
-98.76784,175,476.700904
-95.754539,165,479.014439
-117.34093,803,489.430713
-61.995677,384,494.204141
-103.80071,313,497.50107
-87.540475,319,501.593879
-87.583556,185,504.002387
-79.152608,205,507.125733
-96.630503,374,511.242201
-100.525968,285,515.263625
-92.371503,161,516.951161
-112.196821,526,524.150252
-111.693483,214,526.606629
-121.688463,2000,551.547627
-63.59037,1194,566.800155
-102.105533,355,570.852459
116.141027,2000,596.355763
-65.08573,574,603.582322
-187.126476,1570,636.708349
-92.002096,133,638.305269
-119.629672,254,641.489162
-134.074377,2000,666.333473
-88.053325,149,668.657985
-110.282358,251,671.94142
-122.348765,2000,696.693478
-72.796359,465,702.426719
-182.488249,1158,717.03252
-145.013008,2000,741.982874
-79.622302,552,749.170197
-107.895225,439,754.770841
-127.487538,153,756.41559
-91.419834,181,758.850919
-74.314338,803,769.130267
-103.352357,362,773.200261
-74.829417,350,777.881434
-92.953185,174,780.245774
-95.996523,359,784.406498
-92.254091,154,786.741159
-64.284029,342,790.758026
-98.290575,485,797.146649
-109.272365,713,805.984551
-52.963189,450,811.630092
-137.131872,2000,836.811009
-67.551675,263,840.061785
-88.010409,124,841.668025
-94.019785,591,848.923912
-101.821902,201,851.344139
-111.669377,608,859.365465
-81.759178,512,865.843867
-82.393943,382,870.780059
-55.680673,547,877.37628
-91.843035,839,887.918745
-66.681058,259,891.824503
-108.150784,81,892.682112
-111.494035,94,893.55169
-81.475627,187,895.878325
-132.350563,643,903.86147
-58.320342,389,908.738734
-52.542357,427,914.280833
-111.466893,283,917.638159
-18.280525,551,924.806451
-29.326042,755,934.539663
-69.79445,559,941.780668
-80.862944,158,943.441555
-72.775041,618,951.408227
-11.334246,1649,971.609516
86.991138,1743,994.000038
108.637851,2000,1018.796142
-109.930266,224,1021.268342
-71.668257,975,1034.071313
-90.321402,206,1036.480819
-125.341946,2000,1061.715641
-32.775361,1084,1075.419863
153.117376,2000,1100.325022
150.953964,2000,1126.009232
-97.305906,257,1129.227047
-104.77142,495,1134.900852
5.487252,1191,1150.046737
-82.945649,207,1152.48452
-88.957506,124,1154.085924
-48.448295,486,1160.460035
199.219728,2000,1185.360356
-75.605293,312,1189.412697
-86.117245,169,1191.107726
-38.71106,1639,1211.930568
58.617021,2000,1236.705215
-87.011045,368,1241.461662
-86.896251,134,1243.058303
-100.266114,306,1247.054986
-178.650782,1841,1275.997331
-8.201402,2000,1300.894856
-49.8039,2000,1325.754585
-81.405618,257,1328.911517
-52.536114,535,1336.058743
-64.930427,355,1340.166227
-46.756993,372,1344.995309
-45.091714,981,1357.098681
-92.561624,376,1361.960763
-100.974999,311,1365.978965
-24.941778,1013,1378.81526
-118.726098,503,1385.21325
-111.011759,405,1390.015871
21.898218,1164,1404.581905
-76.801209,353,1409.397661
-25.336515,790,1419.063895
-69.3953,256,1422.3367
-27.009415,2000,1447.32119
-103.190426,136,1448.949998
-48.837874,2000,1474.681234
-107.586553,252,1477.885653
-145.64284,819,1487.624259
-106.391253,2000,1513.586594
-88.105583,317,1517.630306
-149.626888,1487,1536.226114
-114.73612,345,1540.303609
81.762927,2000,1565.890214
-82.710637,2000,1590.771106
-43.064821,505,1597.145709
-113.644475,681,1605.218282
-154.928263,1276,1621.252821
-75.088964,776,1630.822905
-109.832221,2000,1656.334566
-80.176788,470,1661.989042
-99.183728,2000,1686.752995
-113.207919,253,1689.972545
-139.837535,2000,1714.950889
-106.127626,192,1717.359803
-135.242547,112,1718.915946
17.78785,1524,1738.190702
-49.306427,1342,1755.113224
-74.518845,240,1758.251497
-43.835694,475,1763.931605
-64.137777,431,1769.450449
-85.325552,223,1771.892615
-98.167742,427,1777.51507
-135.301983,558,1784.612447
0.018534,1116,1798.35272
21.140662,1022,1811.211626
-100.304665,184,1813.639431
-88.30046,142,1815.299478
-81.692028,2000,1840.339437
-104.400157,2000,1865.909913
-82.063804,180,1868.287343
-65.680094,388,1873.155747
-59.600898,2000,1909.681057
-200.361087,1991,1934.682565
-135.437091,734,1943.635062
-67.052954,376,1948.436914
-91.895435,177,1950.783233
-93.373178,187,1953.160308
-80.656567,2000,1978.281289
-30.092195,531,1985.554287
-51.325657,1860,2008.928086
-107.704947,568,2015.519962
-96.608611,2000,2040.999212
85.703709,2000,2066.017858
-101.125586,190,2068.453969
-185.817216,1221,2083.698497
-111.750501,1218,2099.071276
-71.973243,477,2104.710409
-92.847444,1224,2120.593233
-78.67521,2000,2145.696243
-54.219247,384,2150.555846
-132.74943,2000,2175.66335
-84.482329,280,2179.012903
-86.718908,124,2180.594545
-143.022293,213,2183.6845
-29.743662,512,2190.10031
-41.456037,684,2198.197716
-47.356374,407,2203.753326
-109.056929,424,2208.602233
-101.814826,217,2211.721001
-31.537691,1375,2228.650046
-87.188674,169,2231.062089
-58.139037,598,2238.253452
-88.053294,158,2240.633104
-89.850932,2000,2265.529747
-123.706052,495,2271.891113
-99.148394,242,2275.058378
-37.537069,784,2284.74803
-176.671419,1330,2301.459417
-120.769235,2000,2326.355387
117.820463,1692,2347.219567
-85.842831,254,2350.483337
-90.450636,191,2352.873451
-31.135051,825,2363.189152
-45.774495,528,2369.579339
-4.809232,781,2380.014311
-110.899748,248,2382.5271
27.222737,1332,2399.470644
-131.32282,2000,2424.481428
-55.310479,301,2428.44287
232.291938,1834,2451.744896
-72.381509,267,2454.916107
-62.797469,381,2459.740562
-92.946769,189,2462.149391
-128.559744,187,2464.537537
-86.636275,140,2466.155933
-30.248533,587,2473.378366
-29.976706,2000,2498.244933
6.038686,978,2511.044697
-14.120662,564,2518.303594
-165.286511,1317,2536.490267
-82.590368,437,2542.088533
44.071936,2000,2567.210309
-80.463839,159,2569.58514
47.135124,1429,2587.403535
-21.712553,2000,2612.520057
-57.201244,639,2620.596612
-101.540081,678,2629.346772
-48.376481,610,2636.664387
197.447742,2000,2662.314227
-43.985734,779,2672.081448
5.245103,1768,2693.914301
-66.435492,292,2697.844135
-101.267671,1594,2717.953944
-6.703862,777,2727.547037
61.170128,2000,2752.632272
-65.087817,954,2764.928307
27.598831,1497,2784.317547
-119.612343,2000,2809.499356
151.668312,2000,2834.647224
-99.792384,129,2836.274611
-83.39452,162,2838.660161
-148.534927,2000,2863.62921
-39.901438,585,2870.854126
-115.553855,1841,2894.149834
-67.237671,412,2898.99735
-55.353343,2000,2924.001395
-52.672007,404,2929.62782
-117.268494,2000,2954.679492
-97.858095,601,2962.00038
-32.846656,491,2968.436912
-55.090549,2000,2993.343618
-10.920081,976,3006.058066
-92.233689,804,3015.678463
-105.776245,428,3021.165364
-61.743029,2000,3046.134691
45.04528,2000,3071.176084
-21.389408,921,3083.049575
-46.323549,2000,3107.781174
-105.287396,240,3111.031573
-141.040145,1250,3126.389075
-83.089747,874,3137.540766
-96.877715,2000,3168.102439
-155.794717,1817,3191.572701
-71.445243,214,3194.04315
-41.385063,467,3199.712855
-108.852423,2000,3224.550387
-169.178433,1302,3241.217867
3.542103,2000,3266.051096
-70.550153,498,3272.494932
-99.442157,506,3278.962374
-34.654596,667,3287.1831
54.195728,2000,3312.006362
-74.922568,315,3315.992838
-83.439981,496,3322.443291
-106.097946,307,3326.404442
-79.142162,144,3328.050591
-109.620635,2000,3353.093261
-83.533757,183,3355.520202
-24.534841,797,3366.160685
-152.200889,923,3377.435417
-19.801721,957,3389.446091
-20.669578,2000,3414.464461
-163.983449,1358,3432.069849
-40.481607,510,3437.811468
-22.063482,820,3448.359166
-29.573595,605,3456.282715
-151.429845,803,3465.968918
-65.541003,2000,3491.668551
-75.972711,256,3494.924528
-8.607302,843,3505.400931
-61.705009,258,3508.592723
-13.228578,741,3517.482146
-70.415853,484,3523.789468
24.291128,2000,3548.968074
-64.126381,1902,3572.937241
36.793831,2000,3597.999936
59.634845,2000,3622.955678
-108.035224,2000,3648.585933
-116.403972,520,3655.034604
-120.529686,683,3663.244892
-113.862495,82,3664.781525
-114.418435,2000,3689.881604
-49.94095,544,3696.331227
-108.40002,174,3698.727241
-36.461139,2000,3723.570492
-135.907533,327,3728.266065
-93.935467,148,3729.903521
-105.103251,1660,3750.856776
-132.997356,2000,3775.897464
-110.815834,382,3780.657904
-100.810372,673,3789.564982
-92.694935,305,3792.888223
-91.578478,219,3796.080816
-170.168116,1303,3817.974961
-143.628013,795,3827.550981
-81.025838,419,3833.125528
-110.943003,2000,3858.038211
12.006813,2000,3883.660887
-93.977672,460,3889.282362
-81.651829,122,3890.859704
-72.160221,522,3897.322155
-127.751997,2000,3922.351555
118.662157,2000,3947.480215
20.160833,933,3959.660354
-107.695661,302,3963.683518
-84.244441,189,3966.149024
-12.15258,2000,3991.460664
27.316187,2000,4016.459633
-121.252834,2000,4041.317693
-47.342844,735,4050.874794
99.485958,2000,4075.948294
-102.91556,145,4077.635416
87.01834,2000,4103.261295
-62.691446,345,4107.307384
-7.526709,653,4115.362455
-96.657098,2000,4140.221657
-20.417649,905,4152.170631
-54.244823,488,4157.877085
-5.732037,1867,4181.317225
7.30844,778,4191.002916
11.786413,851,4202.22645
233.388665,1740,4224.036908
116.520538,1454,4242.459548
-85.723879,143,4244.087121
-81.386176,155,4245.750104
-86.230527,2000,4271.372038
34.377202,630,4278.711256
52.535357,1503,4297.970518
76.99083,1055,4310.953095
-129.230849,1102,4325.29325
-51.158217,288,4328.584965
-47.116273,400,4333.437198
-30.636742,780,4343.72777
-52.306492,2000,4368.825065
-85.991569,169,4370.533479
4.937973,695,4379.507617
-50.289216,406,4385.095147
-95.902848,172,4386.796219
-96.828674,176,4389.173092
-0.798777,615,4397.186297
-56.127932,381,4401.942952
-65.268913,242,4404.435112
-27.56923,475,4410.800344
-30.046956,481,4416.476205
-107.940153,308,4420.529765
-37.588637,359,4425.358439
-67.659901,312,4429.425139
-101.708841,485,4443.116337
-107.336208,381,4447.858675
-52.084387,378,4452.631951
-18.125349,417,4458.240451
-69.839819,239,4460.761896
-83.205603,135,4462.404655
-73.523846,2000,4488.286369
-40.383113,356,4492.496664
86.722925,941,4504.484347
34.834375,2000,4529.642561
-85.80555,575,4536.825013
-63.592093,560,4544.078106
-59.714596,320,4548.068401
-71.856064,1014,4560.956062
-43.43157,459,4566.592118
-75.104772,628,4574.416418
26.310939,784,4584.06226
-84.896234,651,4592.154817
-96.105574,244,4595.293278
18.917835,2000,4620.490844
-29.560318,532,4627.62304
119.038094,2000,4652.506689
-73.333028,339,4656.58226
-48.876768,322,4660.640863
-83.795414,115,4662.225566
-81.668072,2000,4687.232242
-80.546479,143,4688.950402
225.527693,1887,4712.980625
40.264341,874,4724.230653
-87.377477,374,4728.437077
-28.325802,582,4736.379433
-56.547418,394,4741.267563
-49.58968,416,4746.126237
59.229431,974,4758.205634
-80.200368,153,4760.513913
-80.061382,118,4762.11455
-34.211737,491,4767.819559
-74.062781,2000,4793.333864
0.963143,834,4803.785988
-50.379523,672,4811.947796
98.275844,1430,4829.507656
-4.661405,786,4839.973515
-56.024132,1444,4857.801589
64.446088,1660,4878.862661
0.707956,640,4886.97428
-44.747567,506,4893.349607
126.512165,2000,4918.631052
201.326024,2000,4944.388607
-21.599536,401,4949.314815
259.403525,1370,4966.311827
-58.082789,669,4975.119039
-81.555038,1309,4991.283593
58.179726,802,5001.700395
226.651927,1810,5024.221228
-81.747615,112,5025.768881
229.106581,1742,5047.505778
97.551014,1504,5066.030431
260.367342,1421,5090.226757
-19.923633,1200,5104.941097
-114.978211,526,5112.204834
33.590136,816,5121.951738
88.589254,2000,5147.609889
-80.043614,272,5150.881271
62.400785,1309,5167.238353
91.850768,1195,5182.491774
-36.114272,2000,5207.539229
86.719996,2000,5233.581249
-84.950895,623,5240.937196
262.824064,1440,5259.384119
260.150836,1401,5276.978793
257.80111,1457,5294.656134
251.050269,1567,5314.666651
85.401008,1519,5333.848118
113.457381,1926,5358.139676
57.183119,905,5369.459969
-110.761464,436,5375.050146
-53.842541,318,5379.056816
-41.229878,469,5384.711271
254.489581,1485,5403.465165
-65.495802,372,5408.31741
68.870188,1594,5428.377997
252.397993,1566,5447.528849
248.410425,1592,5467.587934
65.13996,1462,5486.110597
256.391632,1542,5505.247601
-104.351155,2000,5530.186747
-65.90906,359,5535.016214
252.631644,1602,5555.186713
-26.72615,538,5561.696239
-101.497942,293,5565.689296
-42.807573,2000,5590.747217
-7.853175,2000,5616.354556
119.990874,2000,5640.961558
-114.712224,1258,5656.30651
-127.087526,667,5665.076888
-85.565818,2000,5690.161382
-9.502262,807,5700.599572
-32.483481,565,5712.190033
-76.230306,346,5716.313049
97.11982,1554,5735.79852
106.876879,1212,5750.955384
-73.752715,341,5755.816332
-43.281787,351,5759.857097
-156.675594,1477,5778.29914
20.312633,689,5787.13523
-94.741299,172,5789.543617
131.749909,1067,5802.544719
27.368678,1534,5821.895809
-57.067073,322,5825.956768
-118.443769,2000,5851.120517
-28.553156,316,5855.153785
-46.70054,272,5859.042477
264.447397,1298,5875.026475
145.087498,2000,5900.014165
269.186535,1232,5915.349306
-55.838314,304,5919.284481
-91.717835,883,5930.44949
-76.67535,536,5936.90724
-48.340361,552,5944.061763
260.05146,1366,5960.830467
-36.830095,1216,5976.083025
273.323111,1197,5991.328098
14.515105,521,5997.747152
-110.02396,2000,6022.611246
275.722173,1173,6037.717494
29.332127,762,6047.308859
38.543046,728,6056.071089
79.520523,1281,6072.177018
108.683224,1506,6091.333921
157.651171,1384,6108.5755
-48.700197,1778,6131.265826
12.684932,2000,6156.138467
33.266967,550,6163.437344
0.793133,983,6175.683129
24.727249,626,6183.804411
261.004373,1382,6201.466037
-111.814451,2000,6226.614415
-86.737867,510,6233.088593
113.67544,1362,6249.946365
264.003517,1388,6267.665879
257.567893,1383,6284.593908
-19.35095,362,6289.310335
-36.03473,553,6296.543126
148.745391,1321,6312.575422
52.529353,948,6324.538882
270.467225,1211,6346.405375
-81.143312,208,6348.80284
15.845589,679,6357.60201
52.024606,1398,6375.167992
252.472855,1454,6392.880734
-94.467297,457,6399.132859
-61.566212,234,6401.656124
75.844211,1020,6414.433139
264.706671,1375,6432.057083
-37.632098,469,6437.690954
260.86607,1401,6455.289324
-59.268429,432,6460.844053
-96.621139,352,6464.98333
266.153129,1363,6481.810258
38.699443,804,6492.129288
61.426277,987,6504.355771
2.160429,967,6517.144212
278.40843,1252,6532.474988
270.848732,1309,6549.209134
-83.385865,157,6550.87988
259.446363,1470,6569.352239
269.900195,1296,6585.51841
273.901366,1216,6600.806276
-34.390717,430,6606.40736
216.481965,2000,6631.577357
102.44766,2000,6656.479081
253.560088,1507,6675.979398
263.166973,1320,6692.956213
261.669109,1467,6711.42765
118.927681,2000,6736.52802
273.213058,1337,6753.621222
175.846579,2000,6778.565592
261.501641,1427,6796.353954
266.579573,1309,6813.130783
-60.457336,394,6817.957861
-24.140821,463,6823.524244
-6.30778,514,6829.920684
-82.188873,174,6832.326542
-56.74177,264,6835.546922
261.847215,1376,6852.419015
24.727709,942,6864.487282
259.44928,1512,6883.95305
111.269525,1021,6896.779344
-0.69034,673,6904.845613
260.616313,1516,6924.197638
2.153348,703,6933.092091
-22.724668,766,6942.784561
-37.905559,479,6948.504347
-7.553233,783,6958.895321
-89.58385,139,6960.522381
269.910342,1317,6984.416069
275.806681,1209,6999.737213
271.337266,1262,7015.986397
274.774009,1221,7031.348304
81.643291,1201,7046.744881
13.038299,1078,7060.307271
227.39756,1951,7084.449678
274.795582,1291,7100.877211
3.880707,791,7111.38211
28.290296,786,7121.296249
-50.132684,391,7126.231528
-67.232466,2000,7151.152631
-76.875311,292,7155.119873
-86.970026,147,7156.744003
-94.515608,169,7159.077852
248.140747,1501,7177.769734
-106.017741,351,7182.52531
40.540213,1109,7196.241518
-32.05544,458,7202.017474
244.115319,1619,7222.851258
10.108065,2000,7247.687221
101.790096,1016,7260.547714
7.535621,2000,7285.493428
-68.993048,1736,7307.232483
-15.739278,510,7313.676665
263.083353,1409,7331.430133
272.283644,1319,7348.36704
-3.681203,2000,7373.43656
122.499148,1046,7386.279207
-17.062113,550,7393.446042
271.979207,1335,7410.645753
75.98154,1067,7423.629751
112.49936,1275,7439.674665
276.010332,1244,7455.711281
279.461254,1231,7471.145096
51.233828,1149,7485.635021
41.864966,917,7497.060235
-57.909134,589,7504.325737
283.013503,1166,7519.360972
-88.984534,174,7521.023006
-25.393354,1112,7535.394729
269.123051,1399,7552.959412
45.312487,2000,7577.920024
100.141498,1086,7591.669464
259.246188,1455,7616.4137
36.48569,2000,7641.543909
-88.921772,612,7648.888263
-22.932852,550,7656.144706
139.204558,1303,7672.398472
28.748947,961,7684.394478
-56.245135,734,7693.983719
-3.345425,507,7700.453617
21.4428,682,7708.588108
-20.494419,634,7716.642021
-36.760895,293,7720.651872
-76.949151,367,7725.540303
265.401815,1341,7742.464653
266.5487,1379,7759.459035
161.041847,2000,7784.553301
-21.824403,512,7790.990609
265.41414,1365,7808.633111
10.661162,507,7815.165293
3.224344,659,7823.23834
268.380447,1317,7839.350835
-93.383212,2000,7865.18504
273.222451,1263,7880.510037
-49.990561,346,7885.255008
-74.706592,2000,7910.170907
107.755108,1081,7923.712551
44.281822,783,7933.410059
266.174816,1323,7950.046245
198.888671,2000,7975.349758
266.222461,1321,7992.301694
274.305023,1238,8007.697031
-32.462195,314,8011.638121
4.221167,563,8018.937559
278.114289,1212,8034.280466
45.16895,1498,8052.871097
17.498873,2000,8078.028471
273.69408,1242,8094.132804
-123.820642,2000,8119.30606
-77.231539,219,8121.817549
147.707059,1198,8137.286857
277.205137,1218,8152.607244
272.057529,1209,8168.093666
54.020153,910,8179.362166
231.950067,1670,8200.141279
23.526762,732,8209.736073
-108.761459,355,8213.854658
285.542574,1076,8227.426442
-91.062853,471,8233.738084
262.879428,1433,8259.5025
268.247339,1264,8275.675003
5.611619,825,8286.256558
185.771997,2000,8311.114357
282.765679,1126,8324.780716
36.067381,1223,8340.851557
172.593078,2000,8365.725358
82.714092,1118,8379.265303
262.664782,1371,8396.808954
-1.470898,634,8404.829352
-48.57001,397,8409.78029
251.186971,1470,8428.222503
247.104716,1569,8447.57124
-83.739239,179,8449.993558
261.232906,1370,8467.511609
-81.031058,2000,8492.623923
271.338672,1277,8508.638613
-65.128996,2000,8533.463457
264.984321,1302,8549.550021
34.687233,1635,8570.406135
150.763951,2000,8595.392588
109.709948,1341,8612.312097
263.344496,1342,8629.107449
-78.236569,2000,8654.09872
251.058186,1511,8673.534874
251.266518,1474,8691.952979
-29.545202,2000,8716.929458
-75.082733,302,8720.924019
2.541653,1057,8734.052929
199.725654,2000,8759.741143
-9.269208,650,8767.925334
-77.489972,195,8770.331908
96.067891,1368,8787.231084
114.830015,2000,8811.962058
75.02192,1072,8825.564615
-80.256768,234,8828.746277
220.769182,1976,8853.551382
-44.819562,487,8859.142833
-69.701621,829,8869.489145
-11.636551,2000,8902.577114
278.587374,1253,8917.924247
242.365793,1702,8939.643067
43.592122,2000,8964.728866
284.34129,1089,8978.410622
280.886051,1175,8992.843242
-9.013939,371,8997.659972
-14.253497,419,9003.231952
267.471107,1340,9020.185589
-23.522449,1117,9033.873151
-119.837967,518,9040.463089
-67.288421,2000,9065.516659
-12.04826,1007,9078.364399
273.484906,1275,9094.440642
272.045521,1293,9110.603864
121.598432,2000,9136.22541
-58.480619,2000,9161.458229
66.349428,2000,9186.671073
3.562849,584,9194.053259
244.972723,1689,9215.668403
258.081324,1438,9233.54691
115.198634,1026,9246.411242
69.258372,889,9257.731083
273.163785,1255,9273.851125
57.399376,775,9283.542359
17.162778,950,9295.519611
270.303265,1341,9311.581748
270.682062,1324,9328.440163
268.01127,1341,9345.30156
279.396112,1205,9360.612241
257.647476,1430,9378.25851
268.156892,1258,9394.287173
273.885916,1277,9410.28063
267.714299,1334,9427.269436
24.072165,817,9437.701688
-72.775346,2000,9462.6715
57.123462,815,9473.0101
95.525492,1911,9496.563252
