#{"t_start": 1766944150.9390023, "env_id": "BipedalWalkerHardcore-v3"}
r,l,t
-106.530511,68,7.738713
-101.317393,2000,10.57612
-118.285306,171,10.845706
-116.151278,2000,33.103045
-108.77058,46,33.201918
-237.816889,1894,57.550134
-117.906938,114,59.178758
-118.85352,59,59.976204
-116.955407,85,60.827957
-127.694887,2000,86.181101
-143.474465,2000,112.166376
-143.380908,2000,137.597005
-131.45347,265,140.820128
-112.667056,72,141.661628
-104.314186,104,143.235544
-119.106872,61,144.032167
-116.808874,162,145.72914
-111.152041,66,146.556789
-213.941931,1632,167.826802
-111.159152,104,168.723401
-132.480411,333,173.634083
-109.856241,62,174.447391
-112.262473,89,175.314134
-109.822407,84,176.169212
-135.366123,109,177.77076
-119.666935,157,179.534943
-165.866133,2000,205.554013
-142.67296,2000,230.938798
-142.193511,2000,256.51551
-141.150127,2000,282.019851
-144.696184,2000,308.040929
-145.491732,2000,333.393165
-123.99437,358,337.522565
-138.153715,2000,363.422986
-102.282405,145,365.101989
-142.901727,2000,390.440398
-139.961943,2000,415.752048
-124.983498,2000,441.955384
-122.25262,2000,467.438812
-114.79188,58,468.243742
-176.374703,1385,486.213956
-215.213392,1788,508.463519
-107.206536,2000,534.465883
-123.22677,2000,559.61671
-122.385642,2000,585.172232
-130.439085,2000,610.962514
-108.978763,2000,648.874488
-158.779318,1241,664.744195
-115.77222,2000,690.656668
-94.791483,255,694.04729
-135.345966,2000,720.591975
-101.449617,244,723.211823
-95.558128,707,732.444268
-108.010759,433,738.240549
-120.042404,584,745.769957
-121.875719,2000,772.665191
-120.079084,2000,798.542768
-127.174143,2000,824.51183
-117.208447,2000,850.488514
-111.06297,2000,877.376041
-133.367744,2000,903.510704
-150.516135,2000,929.612899
-125.315527,2000,955.570492
-111.898997,2000,982.151272
-109.049125,2000,1008.002259
-97.875799,2000,1033.720199
-115.264607,2000,1059.595745
-103.084059,2000,1086.256935
-189.703623,1597,1106.96559
-202.63023,1808,1130.218844
-88.276295,2000,1155.7996
-104.672993,2000,1181.62516
-138.861791,2000,1208.159168
-127.526659,2000,1234.118131
-101.932107,2000,1259.807985
-158.915716,2000,1298.818282
-141.94218,870,1310.558545
-187.50167,1148,1325.720472
-134.204774,2000,1351.535054
-170.310866,2000,1377.502601
-162.549021,2000,1404.189773
-104.926021,2000,1430.178964
-149.528768,2000,1455.964203
-168.862456,1410,1474.19864
-104.334637,2000,1500.103726
-112.05435,2000,1526.723906
-128.793809,2000,1552.287872
-128.816125,2000,1578.176277
-116.454289,2000,1604.007343
-149.694569,2000,1630.703605
-110.318972,2000,1656.486963
-139.824811,2000,1682.556349
-144.535214,2000,1708.597849
-132.023864,2000,1735.136833
-133.712475,2000,1760.960318
-127.591145,2000,1786.839541
-98.492625,2000,1812.802802
-123.96504,2000,1839.198019
-161.181035,2000,1865.083819
-104.262731,2000,1890.968048
-122.238667,2000,1916.769239
-139.310693,2000,1943.243569
-121.978665,2000,1982.540092
-106.720565,2000,2008.25361
-117.934126,2000,2033.782307
-140.744936,864,2045.357383
-123.04033,2000,2071.099523
-122.014268,2000,2097.196859
-108.060518,722,2107.122844
-123.438876,2000,2132.852694
-126.811905,2000,2158.420098
-85.661748,2000,2183.926415
-142.605335,2000,2210.242656
-122.283185,906,2221.834777
-97.102615,2000,2247.297938
-122.945676,2000,2273.060175
-156.06491,2000,2299.434011
-86.621304,2000,2325.291917
-104.906757,2000,2350.775507
-99.357928,2000,2376.290839
-128.994796,2000,2402.834594
-99.864662,2000,2428.399184
-80.700124,2000,2454.052892
-151.204647,1557,2473.962223
-127.688823,2000,2500.199812
-85.214131,2000,2526.096953
-169.882175,2000,2551.902075
-142.740199,2000,2577.880461
-100.777478,2000,2604.501056
-124.466174,2000,2643.982332
-140.518154,2000,2669.928564
-135.688357,2000,2695.724878
-82.500755,2000,2722.294794
-123.323592,2000,2748.162823
-119.280515,2000,2773.986647
-128.289509,2000,2799.781926
-97.395397,2000,2826.284758
-140.337931,2000,2851.865322
-129.871014,2000,2877.466984
-127.3775,2000,2903.104467
-128.291395,2000,2929.537909
-128.136158,2000,2955.39254
-124.223208,578,2962.91609
-138.258275,2000,2988.725994
-84.911071,2000,3014.477775
-141.145676,2000,3040.981937
-160.45638,2000,3066.735904
-129.862481,2000,3092.433097
-78.818967,2000,3117.987414
-130.663416,2000,3144.251394
-84.358528,2000,3169.972978
-127.676643,2000,3195.738165
-100.23951,2000,3221.619597
-114.191684,2000,3248.160199
-123.440101,2000,3285.629805
-87.573217,2000,3311.25602
-136.539653,2000,3336.904062
-99.674005,254,3340.229844
-140.914716,2000,3366.697792
-131.217016,2000,3392.381027
-138.527918,2000,3418.107187
-159.63464,1053,3432.059216
-148.363256,2000,3457.630321
-130.093316,2000,3483.420787
-128.61641,2000,3509.187144
-111.909449,2000,3535.580122
-85.767391,2000,3561.632571
-237.450028,1885,3585.602015
-135.01268,2000,3611.794642
-129.247096,2000,3637.511515
-99.508808,2000,3663.338519
-107.848309,2000,3689.099108
-178.255946,1241,3705.629309
-87.747465,2000,3731.346291
-136.692968,2000,3757.111655
-129.586096,2000,3782.774038
-126.074011,2000,3809.335044
-106.262301,319,3813.484643
-88.942421,2000,3839.450628
-88.457628,2000,3865.402939
-217.411733,1725,3887.949224
-110.152866,2000,3913.78302
-88.264087,2000,3953.52137
-90.727776,2000,3979.278234
-96.004576,347,3983.428598
-129.87153,2000,4009.894111
-132.937993,2000,4035.754155
-158.755098,2000,4061.45137
-109.252366,371,4066.443112
-103.269755,2000,4092.137273
-137.075234,2000,4117.922852
-90.382307,527,4125.317911
-93.794918,2000,4151.061452
-105.538333,2000,4176.75449
-86.738645,2000,4202.294919
-132.165314,2000,4228.86534
-136.661764,2000,4254.50836
-135.704164,2000,4280.10456
-129.335337,2000,4305.356848
-99.788501,2000,4331.270124
-134.045356,2000,4356.40568
-127.768984,2000,4381.744085
-122.700983,2000,4407.032743
-105.260707,2000,4432.893681
-132.014785,2000,4458.193824
-52.585141,2000,4483.774565
-108.430566,2000,4509.443398
-55.794382,2000,4535.30545
-166.379996,2000,4560.762068
-130.042358,173,4563.183455
-122.046581,97,4564.053857
-125.523687,95,4565.619372
-126.510508,94,4566.502617
-128.377406,107,4568.146016
-132.804029,130,4569.795722
-125.981303,102,4570.700165
-143.827454,2000,4607.607057
-109.910535,2000,4633.225298
-133.776034,2000,4658.545271
-96.09709,257,4661.822323
-94.473595,211,4664.291237
-133.260184,2000,4690.359074
-109.060754,388,4695.270522
-139.415498,2000,4720.60357
-127.824191,2000,4745.775237
-89.959162,2000,4770.948255
-133.575844,2000,4796.973895
-128.853752,2000,4822.355113
-54.899104,2000,4847.797637
-22.535508,2000,4873.017121
-128.88526,2000,4898.920007
-121.986916,2000,4924.199939
-103.262196,292,4927.494242
-120.938109,2000,4953.371144
-126.604545,2000,4978.535726
-145.498898,2000,5003.896439
-139.248104,2000,5029.319898
-110.424012,2000,5055.28372
-143.240015,2000,5080.449927
-121.045391,2000,5106.004988
-132.203492,2000,5131.49191
-163.905345,2000,5157.590192
-134.77586,2000,5182.89708
-132.062268,2000,5208.284776
-116.271987,2000,5246.978434
-143.201528,2000,5273.017223
-90.800025,2000,5298.523271
-122.234808,2000,5323.935938
-149.504465,2000,5349.232551
-126.712813,2000,5375.138051
-120.805282,2000,5400.549787
-109.520865,2000,5425.895053
-110.653306,2000,5451.035539
-120.06584,2000,5476.879508
-134.201002,2000,5502.240573
-156.892182,2000,5527.496464
-117.315758,2000,5552.795698
-139.430827,2000,5578.832151
-130.19561,2000,5604.247914
-121.656655,2000,5629.518227
-107.666999,2000,5654.862834
-94.288508,212,5658.077797
-103.725999,2000,5683.506786
-146.40378,2000,5708.743787
-127.46708,2000,5734.787128
-59.331529,2000,5760.021136
-135.790709,2000,5785.343588
-134.573901,2000,5810.705594
-108.119563,2000,5836.653975
-141.005455,2000,5862.071565
-43.8425,2000,5900.511806
-13.841025,2000,5925.843495
-132.761461,2000,5951.765181
-65.08708,2000,5976.960248
-135.476258,2000,6002.166468
-80.644949,2000,6027.462233
-103.647836,2000,6053.37787
-151.339708,2000,6078.791466
-117.921923,402,6083.778133
-103.943472,255,6087.011775
-123.609142,2000,6112.278175
-97.587073,2000,6138.108427
-137.732639,2000,6163.279389
-123.759956,2000,6188.392314
-10.226525,2000,6213.54237
-79.52412,2000,6239.381633
-96.848804,115,6240.287101
-93.957235,99,6241.866239
-194.618646,2000,6267.22615
-125.645166,2000,6292.381185
-117.650656,2000,6318.16925
-129.375534,2000,6343.487093
-116.716945,2000,6368.700297
-88.361001,2000,6393.782837
-119.957771,2000,6419.511919
-78.014318,2000,6444.820812
-133.902351,2000,6470.164746
-138.434905,2000,6495.389792
-118.731693,2000,6521.301197
-69.491721,2000,6559.628081
-153.134518,2000,6585.209952
-108.751043,2000,6610.906468
-97.200671,2000,6637.057702
-150.944976,2000,6663.295865
-119.8989,2000,6689.02564
-125.363074,2000,6714.573027
-183.049222,1949,6740.088377
-136.167461,2000,6765.529042
-80.164702,2000,6791.093954
-123.010612,2000,6817.510673
-135.201926,2000,6843.089075
-120.129756,2000,6868.718341
-111.068683,2000,6894.188071
-125.35822,2000,6920.278026
-88.306769,2000,6945.970112
-163.952789,1177,6960.977416
-129.564085,121,6962.665529
-129.149725,96,6964.273657
-130.59168,2000,6990.045923
-94.698936,2000,7015.972915
-82.028641,2000,7041.718819
-137.249991,2000,7068.21163
-53.099957,2000,7093.816987
-120.934523,2000,7119.464068
-147.943574,2000,7145.249784
-135.868665,2000,7171.647437
-116.94356,2000,7209.048122
-138.999834,2000,7234.570125
-107.884319,2000,7260.022055
-134.442655,2000,7286.595855
-121.476825,2000,7312.184113
-101.222859,238,7315.404796
-152.591137,2000,7340.90288
-110.971623,686,7349.986074
-134.873758,2000,7375.710109
-117.76487,434,7381.503128
-103.828159,2000,7407.085441
-80.116917,536,7413.68032
-128.999909,2000,7439.192338
-67.944632,2000,7465.826535
-98.153792,2000,7491.446012
-140.66176,713,7500.575305
-83.707441,2000,7526.497546
-67.311615,2000,7553.125486
-134.457947,2000,7578.857675
-117.845629,755,7588.91207
-130.801711,2000,7614.698527
-111.353814,392,7619.718422
-128.460816,2000,7645.523012
-120.779877,2000,7671.974376
-189.779401,2000,7697.690271
-128.501739,2000,7723.571421
-112.127361,2000,7749.320016
-70.270241,2000,7775.664269
-126.551703,2000,7801.334977
-150.196672,2000,7826.904104
-90.158562,2000,7866.18309
-137.835863,2000,7892.73115
-100.927698,2000,7918.487886
-57.858884,2000,7944.00696
-130.367119,2000,7969.614835
-128.485869,2000,7996.109702
-135.91188,2000,8022.010044
-127.730866,2000,8047.746881
-99.955639,2000,8073.414012
-153.355982,2000,8099.765231
-95.63028,2000,8125.590492
-123.095592,2000,8151.187874
-138.047665,2000,8176.840479
-38.436888,2000,8203.111929
-133.033938,2000,8229.005111
-105.49316,2000,8254.723467
-131.110094,2000,8280.362159
-11.447839,2000,8306.707157
-130.164748,2000,8332.101851
-80.17315,2000,8357.525858
-108.32788,2000,8382.971946
-114.560756,2000,8409.111694
-85.071455,127,8410.734691
-113.354811,2000,8436.348336
-111.193064,2000,8462.105236
-125.592488,2000,8488.053956
-100.562353,2000,8528.910496
-75.275463,2000,8554.84561
-61.204726,2000,8580.466295
-107.775693,2000,8606.03912
-113.698301,2000,8632.206221
-76.986665,2000,8657.549099
-132.364122,2000,8682.8748
-70.074914,2000,8708.275564
-69.108427,2000,8734.330009
-129.369534,2000,8759.558055
-118.576615,2000,8784.873137
-99.25197,2000,8810.268055
-123.763639,2000,8836.570257
-140.046275,2000,8861.874479
-88.542061,2000,8887.227447
-158.767304,2000,8912.686183
-106.318387,2000,8938.744725
-30.253339,2000,8964.286042
-154.872385,2000,8989.779058
-161.389496,2000,9015.233783
-145.827333,2000,9041.384425
-69.416822,2000,9066.640336
-89.65814,2000,9092.182076
1.511125,2000,9117.563583
-90.755465,2000,9143.894276
-106.931984,2000,9182.462281
-81.227699,2000,9207.970814
-106.920012,2000,9233.424891
-130.814441,2000,9259.656969
-80.83376,2000,9284.944983
-68.560351,2000,9310.469018
-101.512106,2000,9335.98502
-111.582088,2000,9362.081235
-133.249579,2000,9387.382172
-99.693871,2000,9412.894977
-106.522525,2000,9438.257219
-98.434528,2000,9464.769178
-141.61534,2000,9490.41544
-49.243042,2000,9515.992916
-35.255158,2000,9541.516851
-41.335395,2000,9567.525881
-102.488394,2000,9592.80726
-157.218453,2000,9618.236947
-136.247567,2000,9643.937675
-99.079956,2000,9670.156555
-122.633959,2000,9695.886309
-125.805431,2000,9721.529393
-109.874195,2000,9747.17181
-111.334995,2000,9773.615794
-111.41989,2000,9799.227291
