#{"t_start": 1766886421.895816, "env_id": "BipedalWalkerHardcore-v3"}
r,l,t
276.171836,1211,34.73543
71.212606,771,45.031942
110.583243,2000,72.363698
274.610815,1220,88.641889
276.599578,1142,103.706967
164.689335,2000,130.166478
282.522518,1138,145.411227
65.681418,825,156.485452
-72.448664,489,162.433887
-58.223985,404,167.59005
14.952333,751,177.56199
-33.204816,1274,194.473018
-94.225822,2000,220.863513
274.536482,1217,236.885624
250.220186,1528,257.525707
270.62527,1248,274.628811
178.710085,2000,300.792451
271.946085,1250,317.856549
265.634711,1299,334.917314
275.156084,1178,350.130402
-53.464116,276,354.318888
-52.18117,515,361.064058
277.141459,1146,376.184305
-6.039311,2000,402.520468
274.641484,1155,417.675599
281.5628,1115,432.061702
269.246042,1244,448.960939
-34.38596,442,454.947563
-2.026569,736,464.457083
122.487375,1185,480.45784
272.506011,1270,496.727901
271.516897,1279,513.510452
-53.86613,313,517.691617
124.475564,1131,532.959299
-100.327859,102,534.61772
-84.629037,2000,561.294971
36.820376,798,571.550186
261.062817,1367,590.093884
25.033542,2000,616.230177
48.923513,2000,642.547792
-28.84349,345,647.520999
-28.397268,497,653.53861
270.852521,1273,670.617959
108.786833,2000,706.052139
-3.423242,2000,732.933074
268.127103,1288,749.942776
138.676252,2000,776.097213
18.12084,598,783.765645
78.440015,937,796.380744
127.184075,2000,822.521516
281.09029,1150,837.708991
37.538511,787,848.579043
279.534638,1189,863.835884
43.3858,731,873.915972
274.787635,1208,889.387473
52.633382,821,900.352841
-4.535573,2000,927.358805
154.341126,2000,953.741948
36.255447,978,966.479771
-109.446207,146,968.194631
88.498838,911,980.686887
273.928496,1251,996.856833
-82.561268,2000,1022.931252
142.768663,1399,1041.513888
274.944619,1160,1056.702671
172.265597,1234,1073.525088
-60.293363,2000,1099.758172
-45.084133,1514,1119.972746
124.731639,1038,1133.470802
270.564703,1225,1149.489213
-59.883713,2000,1175.728055
36.198202,2000,1202.03955
-27.546553,2000,1229.094132
271.383402,1235,1245.399486
37.741436,1838,1270.501258
277.676628,1193,1285.982512
-11.202161,2000,1313.128921
87.280732,2000,1339.839817
271.382084,1230,1365.195722
145.898657,1709,1389.203653
270.714451,1270,1406.743005
67.686714,873,1418.049546
267.339609,1276,1435.198773
-1.039395,792,1446.220599
164.81469,2000,1472.586638
-64.289734,315,1476.855209
278.295226,1266,1492.991166
-75.811941,238,1496.335413
273.401387,1214,1512.336633
91.283988,917,1525.029072
-72.471932,372,1529.375366
-42.756861,2000,1556.547247
95.388693,1001,1569.380722
257.208216,1429,1588.581151
104.982898,1383,1606.394934
150.190704,2000,1632.596457
276.099623,1260,1649.613289
270.826456,1278,1666.314209
-38.543661,403,1671.417306
272.940423,1271,1688.223429
16.797787,2000,1714.429735
273.486098,1298,1732.093224
278.10655,1200,1747.304766
208.809173,2000,1774.127967
-41.759093,2000,1800.38804
270.469411,1272,1817.342108
275.445995,1239,1833.358248
276.790753,1245,1850.130563
277.188024,1194,1865.431876
276.629972,1188,1881.388561
263.816139,1382,1899.058864
158.442718,2000,1926.030741
272.027133,1221,1941.986864
269.085279,1272,1958.878915
268.999346,1331,1975.920545
49.055986,780,1986.982811
270.100552,1235,2003.271593
270.874427,1261,2020.162036
264.214647,1345,2048.701605
276.215121,1209,2064.851933
271.61811,1226,2080.877782
225.476749,2000,2107.095981
-4.75126,699,2116.507565
-14.708238,2000,2142.772774
272.058924,1290,2159.626653
-43.744165,2000,2186.51227
245.542796,1597,2207.538746
132.736348,2000,2233.604614
-28.826315,2000,2259.855456
281.841991,1173,2274.971523
272.578138,1252,2291.679663
148.296767,1128,2306.825342
279.847367,1131,2321.131668
273.833464,1184,2336.957818
-131.771371,2000,2363.349359
275.706264,1156,2378.549837
277.051447,1230,2394.585744
276.537095,1159,2409.680202
276.13904,1131,2424.850367
269.719679,1278,2441.7522
155.672039,1009,2455.187461
279.589136,1181,2470.408574
38.106662,738,2480.406437
287.125627,1118,2494.72455
19.970916,2000,2521.094327
281.982361,1118,2536.19058
278.957359,1178,2551.482146
49.185286,649,2559.851926
-141.895499,2000,2586.745409
279.164426,1143,2601.938574
272.57483,1260,2618.147415
233.036752,1936,2644.230955
265.471014,1290,2661.028157
277.788394,1138,2675.428534
46.8734,793,2686.246703
283.637834,1114,2708.72468
265.493353,1291,2725.668527
134.837247,2000,2752.906683
145.329416,2000,2779.084394
265.260022,1354,2796.784723
205.187866,2000,2823.043842
283.562585,1111,2838.133171
82.644074,1075,2851.761863
38.878403,743,2861.799255
88.116026,1234,2877.705276
265.718524,1351,2895.365755
66.785008,2000,2922.38496
220.575556,2000,2948.548591
267.072843,1293,2965.592642
164.017903,2000,2991.894011
270.928676,1208,3007.790928
276.954011,1213,3023.805688
268.996175,1240,3040.666978
-68.854088,270,3044.09201
-25.640796,666,3052.591523
8.820602,2000,3079.381517
174.715604,2000,3105.523675
-54.252156,1265,3122.340809
275.1218,1176,3137.524206
267.789753,1313,3154.372874
271.755847,1244,3171.083816
277.140424,1215,3187.113737
62.105043,2000,3213.244596
269.991338,1277,3230.119748
-62.799674,1617,3251.276607
-2.221207,2000,3278.373322
259.026436,1408,3297.042398
112.121079,1023,3310.43172
277.252057,1216,3326.271482
270.460647,1282,3343.102972
270.417367,1273,3359.235516
195.243015,2000,3393.142875
275.643612,1170,3408.329085
15.305266,2000,3434.737243
138.596205,1221,3450.685789
282.793283,1102,3465.65023
-138.685589,2000,3491.804395
3.361962,621,3500.235389
278.417212,1148,3514.641402
280.357236,1121,3529.672229
272.438011,1251,3546.52679
144.30693,2000,3572.685585
9.850925,513,3579.526221
-24.83958,2000,3605.895046
37.272215,725,3615.211723
274.675349,1256,3632.055749
97.673365,946,3644.710687
-50.483092,2000,3670.86289
278.557027,1186,3686.967147
271.959369,1293,3703.940752
-57.817104,2000,3730.164467
282.478494,1138,3745.368841
272.744961,1273,3762.264533
279.00326,1159,3777.435895
277.807054,1120,3792.033601
270.971885,1254,3808.966934
283.553225,1116,3823.316203
133.293968,2000,3850.229495
286.174714,1029,3863.653294
145.298103,2000,3889.944714
260.267191,1350,3907.843986
279.849281,1138,3922.9421
268.333079,1268,3939.695622
281.906155,1111,3954.010976
-100.837301,2000,3980.23139
272.987715,1214,3996.165657
273.729394,1207,4012.162916
48.870427,2000,4047.871736
281.33089,1116,4062.94887
279.022066,1186,4078.153638
279.908096,1141,4093.414177
283.782703,1132,4108.520482
-103.999868,2000,4134.564253
-70.745765,316,4138.747452
-7.408811,2000,4165.121518
276.799681,1230,4181.097338
-18.185693,375,4186.098151
286.010556,1102,4200.462192
281.384161,1121,4215.501328
285.527288,1086,4229.709859
283.512105,1104,4243.988454
274.741245,1185,4259.856817
237.175147,1690,4281.699032
-20.503622,2000,4307.821512
-1.089979,647,4316.16494
170.12069,2000,4342.941152
276.366943,1206,4358.941926
282.325292,1163,4374.115675
274.067268,1239,4390.218295
275.708354,1221,4406.151747
87.980273,1686,4428.826421
282.582421,1164,4444.032815
275.860877,1197,4459.243839
283.298772,1065,4473.501297
280.666073,1135,4488.599535
89.674701,953,4501.241852
269.410819,1287,4518.199559
275.217835,1216,4534.303038
-96.493773,1165,4549.531843
38.027316,576,4557.153866
271.090428,1255,4573.883302
-92.393407,326,4578.114127
281.177433,1157,4593.252019
277.796419,1222,4609.249834
278.530615,1271,4626.073575
94.433244,2000,4652.102243
274.150674,1274,4668.965552
279.622775,1190,4684.29705
148.444179,2000,4715.461446
277.193653,1232,4731.409374
277.460065,1173,4746.65883
276.041783,1199,4762.701189
280.328742,1152,4777.882816
48.402475,879,4789.64643
272.090729,1190,4804.755759
-54.0153,2000,4831.651032
-119.039992,184,4834.164757
48.865721,2000,4860.462723
278.554162,1218,4876.565876
-123.669083,133,4878.223691
271.237749,1229,4894.252161
277.957262,1182,4910.315319
-80.118839,298,4913.735849
144.69616,1147,4928.910725
279.20122,1270,4945.923394
124.359938,1401,4964.380648
279.347149,1186,4979.544039
-102.944253,2000,5006.300672
276.801843,1293,5023.229802
271.252535,1313,5040.114157
91.058169,1012,5053.578807
-76.790221,309,5057.743695
91.062827,1203,5073.715773
280.717308,1190,5088.927639
284.642169,1184,5104.79131
138.673572,2000,5130.786799
137.856418,2000,5157.06528
285.724586,1168,5173.115597
272.500093,1258,5189.252921
103.106493,2000,5216.090502
281.265908,1150,5231.275972
274.102202,1222,5247.283605
280.555446,1169,5262.388905
277.846627,1209,5278.516714
281.645433,1155,5293.587737
-37.419379,395,5298.677855
148.804241,2000,5324.792526
278.357435,1197,5340.592808
108.293884,1277,5357.277948
284.94071,1139,5381.183027
282.798076,1101,5395.516656
280.616353,1181,5410.601881
281.098386,1243,5427.266552
282.490625,1140,5442.307128
129.206878,2000,5468.526432
278.062537,1188,5483.925611
285.141888,1089,5498.13229
-57.051939,2000,5524.947012
274.321627,1201,5540.186048
105.588843,2000,5567.06916
274.26426,1212,5583.184769
284.65794,1158,5598.450741
285.987819,1135,5612.781858
-63.818346,2000,5639.570616
273.028303,1265,5655.813483
-112.402745,2000,5682.40178
154.014774,1113,5696.806642
16.66147,595,5704.503129
287.642321,1095,5719.041893
-66.077614,629,5727.461988
283.726411,1114,5742.522101
-88.432184,2000,5768.497543
271.644185,1253,5785.278492
214.133058,2000,5811.393437
257.074422,1463,5830.691781
-51.66275,378,5835.782738
73.213143,2000,5862.112544
282.155233,1160,5877.228295
281.351832,1169,5892.392882
264.838316,1299,5910.063057
273.38243,1266,5926.090607
160.874314,2000,5952.777908
-84.095781,240,5955.349255
201.756014,2000,5982.112237
-63.849539,2000,6008.164112
104.396243,1027,6021.552106
223.859946,2000,6056.712516
287.505715,1089,6070.856214
280.532002,1246,6087.530511
-63.741859,2000,6113.631949
272.627722,1194,6128.912158
284.149788,1144,6143.863727
-54.735085,2000,6170.760021
280.756798,1131,6185.041615
272.563045,1251,6202.032136
280.464926,1127,6216.446902
-44.525455,390,6222.190091
-76.433628,247,6224.820811
-73.579243,1806,6249.167362
263.30802,1353,6266.834184
274.074174,1225,6282.907894
123.127224,2000,6308.911045
279.789528,1222,6325.000113
190.01309,2000,6351.0745
278.877519,1190,6367.089502
58.016467,2000,6393.291936
268.57457,1265,6410.055643
281.501174,1195,6425.976187
217.58012,2000,6452.196009
155.350048,1568,6473.370843
-26.154627,2000,6499.630172
286.402535,1149,6514.805403
280.038991,1227,6530.823674
282.774078,1150,6545.954538
44.862939,982,6558.58081
278.46667,1245,6575.199374
273.532783,1267,6591.331308
280.676187,1180,6607.208898
255.535654,1427,6625.744313
281.655543,1148,6641.053405
276.010093,1205,6657.201159
275.571993,1229,6673.172497
160.759667,2000,6708.863486
277.721991,1161,6724.687835
283.582309,1104,6739.064501
136.712124,2000,6765.172591
287.678411,1054,6779.549144
285.751356,1092,6793.857065
266.828445,1240,6809.869827
264.049972,1390,6828.318311
273.768236,1272,6845.001652
286.547639,1107,6859.321441
116.711141,1039,6872.844507
285.259036,1119,6887.841793
126.532107,2000,6914.085449
282.136404,1125,6928.530848
95.27839,1385,6947.122399
-14.85093,2000,6973.218604
279.128536,1169,6989.060637
283.575072,1108,7003.376482
-33.383919,381,7008.446475
286.81057,1072,7022.757514
269.034959,1270,7038.868747
155.625048,2000,7065.817832
219.993501,2000,7091.876257
277.446431,1206,7107.841787
288.314363,1081,7122.112147
-61.946405,315,7126.266649
282.059251,1142,7140.664326
277.861488,1224,7157.449883
287.306336,1068,7171.003999
9.397239,2000,7197.11163
-85.661305,504,7203.797772
25.668334,2000,7230.487367
-163.426476,1616,7251.460854
-26.98453,551,7258.183674
-72.073741,2000,7285.087121
-108.883105,50,7285.180827
-108.934474,47,7286.008686
-115.446806,66,7286.860555
-108.149187,50,7287.695972
-109.434496,49,7288.50752
-108.400251,51,7289.326937
-108.950521,50,7289.436548
-101.205117,183,7291.954277
-110.03543,48,7292.763977
-104.99282,260,7296.10756
-119.894051,481,7302.791916
37.290231,1004,7315.563956
-130.067806,2000,7341.932016
-83.186203,343,7346.948396
276.63509,1266,7373.256243
288.003098,1038,7386.765771
169.293544,2000,7413.572621
176.69944,2000,7439.782912
-33.436574,2000,7466.667106
284.456957,1161,7482.042069
118.362277,2000,7508.225155
283.546218,1153,7523.635794
272.060463,1268,7540.57886
-26.331692,2000,7566.872231
277.339162,1213,7582.900757
281.019094,1159,7598.087378
281.103609,1181,7614.090361
203.92603,2000,7640.154065
90.941628,823,7651.008636
283.437258,1104,7665.417877
273.292048,1291,7682.323934
2.5893,714,7691.691431
284.087811,1134,7706.82596
214.096731,2000,7733.063878
107.382679,896,7744.760988
278.714544,1212,7760.736433
277.324247,1113,7775.705055
286.379597,1127,7789.990386
289.558172,1099,7804.209727
277.938881,1140,7819.313964
287.500558,1095,7833.562806
272.747407,1182,7849.485011
119.887367,1087,7863.798284
40.164158,596,7871.400253
290.616054,1083,7885.684756
279.710947,1173,7900.787458
280.260906,1174,7916.755184
275.728071,1211,7932.80121
280.232971,1103,7947.041826
281.062323,1102,7961.362248
74.265849,1278,7978.379851
283.882291,1103,7992.794836
275.777831,1223,8008.801452
281.260815,1133,8024.085542
279.410255,1197,8048.875151
76.249001,779,8058.930493
290.949711,1039,8072.432564
281.388,1102,8086.885387
-38.547586,2000,8113.576074
280.089961,1178,8128.773084
266.484167,1341,8146.331606
288.267257,1050,8159.817594
11.371754,2000,8186.837034
282.017195,1109,8201.098205
275.642879,1214,8217.047568
288.826519,1133,8232.202379
285.046975,1107,8246.514459
278.618228,1196,8262.297674
283.518635,1127,8276.592321
278.039755,1146,8291.784972
285.934613,1074,8305.995948
284.606889,1121,8320.272096
279.023179,1192,8336.202363
289.794875,1034,8349.647635
280.438184,1143,8364.850851
285.465244,1123,8379.980946
156.150235,1143,8394.490253
267.168448,1282,8411.411777
281.387787,1159,8427.199422
277.387025,1151,8442.404194
282.591268,1074,8456.135635
282.165512,1164,8472.019417
-79.244272,1099,8486.441388
-90.546392,278,8489.810645
-10.154883,1292,8506.66638
281.154522,1134,8521.697141
284.933549,1092,8535.935808
283.787562,1127,8550.935642
281.284049,1159,8566.220695
-49.591111,276,8569.698725
286.707716,1135,8584.842588
-73.431003,2000,8611.256662
280.084002,1164,8626.732434
287.21261,1152,8642.154307
105.811957,2000,8668.245491
135.250258,2000,8695.216042
281.068005,1120,8718.85894
-0.638846,557,8726.46045
282.377906,1081,8740.820302
-39.79161,311,8745.017731
-168.761129,2000,8771.454552
286.917327,1097,8785.850899
278.851697,1167,8801.173407
109.910186,1009,8814.625376
269.291865,1268,8831.499065
52.955276,743,8841.531897
26.417805,1023,8854.242585
280.574245,1114,8869.254274
281.217904,1127,8884.315968
280.260321,1111,8898.69787
282.850103,1100,8913.036696
-40.040392,2000,8939.26609
289.75081,1042,8953.593615
123.05462,1138,8968.097106
-46.703405,395,8973.896859
287.495245,1065,8987.450765
276.46788,1166,9002.799592
280.311128,1193,9018.742612
-63.262243,2000,9045.036312
282.35078,1092,9059.461441
279.361552,1154,9074.580659
149.084438,2000,9101.438504
286.932513,1041,9114.918988
269.83707,1235,9131.076421
112.444413,2000,9157.177727
-6.615978,438,9163.123659
267.534939,1229,9179.147408
284.535839,1064,9193.385905
-128.065002,2000,9219.716999
175.599371,2000,9246.450792
290.042248,1017,9259.934154
279.667621,1125,9274.263139
287.910508,1140,9289.427628
284.192967,1066,9303.735701
279.007604,1181,9319.003319
278.265381,1141,9334.181926
98.046391,939,9346.803066
283.57251,1068,9360.529453
135.872141,1058,9382.953144
119.418957,2000,9409.066648
279.211724,1167,9424.261056
285.185341,1088,9438.669439
225.996984,2000,9464.852777
282.82667,1107,9479.88014
285.477715,1087,9494.334867
280.2244,1094,9508.714669
96.308585,1188,9523.899242
115.204824,1882,9549.093526
285.751535,1089,9563.505332
287.154532,1055,9577.261502
117.225382,1073,9591.658816
289.439429,988,9605.063454
280.997534,1076,9618.612061
13.484799,2000,9645.431621
277.257277,1138,9659.733362
280.385885,1123,9674.757169
275.632492,1249,9690.569588
29.277758,669,9699.72798
-18.919656,2000,9725.808452
-31.405,340,9730.04986
279.68986,1115,9745.065185
277.248427,1207,9760.972833
275.260878,1167,9776.037798
57.799654,797,9786.223181
279.309602,1154,9801.293476
277.120985,1132,9816.50105
285.639605,1101,9830.795146
282.34886,1117,9845.815597
267.327816,1275,9862.840454
278.823525,1182,9878.047911
78.911943,1013,9891.441086
6.69337,531,9898.281499
288.451547,1090,9912.568592
287.753371,1049,9926.832237
272.451435,1157,9941.95341
278.639717,1108,9956.243022
173.193576,1081,9970.629456
284.579287,1065,9985.012471
118.243004,2000,10010.992612
291.212518,996,10023.725641
