#{"t_start": 1766946206.8346763, "env_id": "BipedalWalkerHardcore-v3"}
r,l,t
-108.725658,114,9.013317
-132.394601,82,9.194452
-145.483652,2000,14.459412
-128.73855,71,14.621536
-152.366916,2000,19.61537
-109.649296,75,19.798146
-127.429062,50,19.91345
-115.037715,119,20.197702
-115.694739,54,20.324895
-133.17715,95,20.542222
-119.20834,66,20.695225
-115.248991,81,20.877632
-114.857812,73,21.050629
-109.620985,68,21.206336
-133.733357,88,21.408217
-151.888265,2000,26.358202
-116.609265,55,26.486386
-113.204954,83,26.677338
-149.987597,2000,31.740061
-112.038268,53,31.862688
-130.246132,131,32.161192
-147.070283,2000,37.048463
-241.516656,1965,42.715024
-113.06966,108,42.964572
-125.134209,81,43.148681
-146.872679,2000,48.172505
-132.888366,2000,53.156716
-118.204343,50,53.280958
-136.558567,2000,58.332349
-113.453568,71,58.502584
-148.100339,2000,63.551553
-156.583745,886,65.593985
-113.592371,68,66.194459
-117.83415,68,66.350416
-112.474231,2000,71.302323
-109.103308,2000,86.661642
-102.34443,2000,91.283393
-126.680027,2000,96.323028
-154.816042,857,98.636443
-79.655887,2000,103.611626
-139.500485,656,105.130731
-146.102291,2000,109.998415
-119.796614,743,112.061358
-121.002618,2000,129.75577
-126.888845,2000,134.667604
-143.63124,2000,139.601129
-144.466546,2000,144.586685
-142.957629,2000,149.536258
-116.4644,386,150.800096
-111.552135,2000,155.905755
-143.720258,2000,171.370788
-113.289409,100,171.60201
-127.204203,589,172.934738
-110.591112,289,173.571765
-72.273583,2000,178.654946
-115.840287,371,179.501374
-216.667051,1747,183.767392
-108.034101,753,185.440177
-125.65,2000,190.453151
-106.543598,239,191.012786
-113.537987,2000,195.979309
-85.171894,2000,201.662273
-106.460682,2000,206.627907
-92.55535,410,207.93288
-140.260321,2000,212.673638
-99.919653,176,213.063219
-108.768274,375,213.953015
-109.480963,279,214.60033
-115.621238,494,215.842975
-119.082524,314,216.568094
-108.750831,778,218.800914
-123.819006,44,218.905765
-132.604331,107,219.151218
-132.858056,80,219.335397
-162.194996,1916,224.229039
-100.895774,821,226.181073
-102.964445,185,226.606424
-139.387128,1575,230.629608
-121.018085,1660,243.109945
-87.442994,2000,248.072392
-96.251624,340,248.892537
-140.575771,886,250.939388
-84.897329,2000,255.894519
-131.162357,2000,260.915146
-145.534642,758,263.14546
21.119169,2000,268.147981
-94.815766,2000,283.773919
-105.770051,213,284.257581
-87.310416,348,285.038819
-132.598722,1987,289.977305
-116.044317,325,290.761027
-117.086858,1105,293.702122
-103.442948,210,294.190371
-86.154086,2000,299.201407
-89.645132,2000,304.234299
-118.107344,334,304.993248
-104.901418,870,307.004793
-115.71127,853,309.255281
-102.381204,212,309.708448
-91.081209,149,310.054106
-51.572774,1052,321.738181
-145.239556,2000,326.756701
-94.953574,161,327.620244
-113.452568,312,328.347191
-71.047525,499,329.46824
-116.061471,1044,331.829113
-116.949874,154,332.177753
-116.414537,455,333.633307
-101.686375,712,335.186956
-136.340775,1250,338.508366
-144.467194,2000,343.55829
-99.880369,149,343.893562
7.491262,2000,348.771121
0.963934,2000,364.316942
-145.718046,2000,369.407361
-71.665852,988,371.676136
-131.445732,712,373.291211
-76.757197,850,375.634079
-97.807929,149,375.994113
-131.199388,2000,381.061411
-102.239965,838,382.930161
-122.784028,2000,387.938053
-78.769706,1235,391.246806
-72.497258,2000,406.896137
-59.143245,2000,411.845026
-153.641572,758,413.594765
-100.481155,202,414.069034
-126.78311,71,414.235659
-51.283495,2000,419.094478
-145.628037,2000,423.931953
-106.959338,265,424.560637
-154.252453,1005,427.360774
-158.466949,741,429.015994
-196.459067,1592,433.034433
-110.880457,1434,447.613868
-113.166068,2000,452.57501
-146.826912,2000,457.420993
-91.847613,2000,462.312335
-106.754211,2000,467.39654
12.326545,2000,472.379727
-87.194683,1254,475.206018
-102.492319,234,475.753044
-107.692959,1702,488.925657
-116.230495,343,489.727795
-75.377548,334,490.92453
-96.955881,805,492.768875
-93.722426,680,494.26899
-7.909545,2000,499.206237
-91.773242,128,499.514467
-175.410786,1085,502.48459
-100.489325,185,502.903039
-112.385453,352,503.682645
-127.962432,215,504.173183
-82.054473,323,504.924692
-195.992128,1664,509.15842
-122.124428,332,509.91324
-82.813749,2000,514.986233
-96.544751,576,516.735804
6.768624,2000,527.290474
-94.180718,677,528.776289
-112.135226,305,529.440428
-144.193412,2000,534.26733
-82.265098,658,535.789921
-104.246181,243,536.316544
88.297576,2000,541.221584
-110.451486,2000,545.942177
-107.887964,265,546.96516
-94.718475,142,547.294913
56.553063,2000,552.279696
-83.895243,2000,568.103154
-114.150948,362,568.93041
-88.756573,2000,573.720613
-118.146178,2000,578.738493
-102.61573,2000,583.655961
-102.985256,170,584.026079
-1.610092,2000,588.997314
-95.983276,2000,593.915783
-83.249243,537,595.161347
-80.369708,608,605.699375
-110.431179,315,606.410058
-139.942647,2000,611.36962
16.746816,2000,616.408203
-91.70796,148,616.729673
-117.667672,2000,621.668301
-90.916297,731,623.764787
-114.095021,2000,628.792214
-78.710834,934,630.914834
-100.329833,2000,642.418738
-172.666187,1104,645.360568
-97.648284,2000,650.433261
-36.451691,2000,655.418242
-130.09371,2000,660.392344
-112.559649,605,661.794656
-131.373744,2000,666.651223
-156.229444,618,668.060991
-123.583672,2000,672.961286
-135.194366,2000,691.061636
-45.769267,2000,696.070985
-96.841634,455,697.151413
-115.165656,2000,702.243485
-96.476424,145,702.556462
-138.069308,635,704.385021
-92.727156,612,705.730764
-143.216275,2000,710.712605
-104.156146,239,711.309391
26.407918,2000,716.25513
-97.886192,112,716.496556
-76.914011,551,728.685062
-122.362309,2000,733.569205
-113.290419,2000,738.623505
-91.889385,2000,743.418387
-88.622988,2000,748.428476
-102.485022,208,748.893778
-112.527056,2000,753.873718
-74.412276,641,755.716619
-123.552547,2000,774.403083
-86.124944,202,774.834172
-80.714298,2000,779.616311
-110.871948,330,780.344951
-113.525112,340,781.090791
-139.12181,2000,786.109601
84.944109,2000,790.928277
-67.71874,2000,795.830777
-102.702624,227,796.364775
14.668995,1530,800.336568
-82.940758,2000,818.483966
-137.274511,2000,823.524788
-92.534828,2000,828.565699
-109.083257,290,829.226614
5.533955,2000,834.357111
-87.258905,325,835.119877
-51.049542,1719,839.5167
-105.754564,416,840.501416
-96.69914,248,841.126967
28.252287,2000,846.299045
-68.558733,386,847.205735
-163.338498,992,858.146301
-126.257734,2000,863.203338
-38.658955,2000,868.17972
-111.055113,2000,873.15835
-25.158451,912,875.190913
-59.734723,2000,880.218914
-138.422231,787,882.531854
-82.765594,988,884.820806
-86.496462,450,885.801349
-70.092307,2000,900.030298
-135.905019,2000,905.031651
-12.008323,2000,910.110465
-102.751461,2000,915.067327
-12.446137,967,917.812686
-117.583644,2000,922.816231
-21.941235,1646,926.779607
-80.593432,288,927.418665
-132.459899,2000,945.513504
-98.22075,2000,950.580922
-96.686522,385,951.467035
-66.804867,748,953.103223
-108.380247,2000,958.050725
35.62222,2000,963.036306
-43.377808,2000,967.939868
34.74938,2000,982.687548
-95.229985,144,983.034371
-125.845601,2000,987.949532
-114.06663,2000,992.848021
-54.943234,832,995.265115
-121.022417,2000,1000.097223
-131.475314,2000,1004.604947
-61.041568,2000,1009.674875
-109.904056,2000,1022.48138
-44.354393,2000,1027.482669
-97.839749,145,1027.822249
-58.068257,2000,1032.904391
-99.245032,162,1033.718149
-131.678073,2000,1038.63457
-37.89653,2000,1043.194902
87.534127,2000,1048.145212
-132.375539,2000,1066.719063
-92.26462,2000,1071.755176
-25.655198,2000,1076.773731
-75.231783,539,1078.420355
-20.26089,1369,1081.581243
-43.580046,2000,1086.647844
43.410263,2000,1091.632805
-63.421173,735,1093.783103
-71.107947,280,1094.44748
-65.282273,2000,1106.464105
-53.956743,1073,1108.863191
-77.485665,301,1109.54521
-106.903755,2000,1114.56211
158.011932,2000,1119.566363
-93.333172,139,1119.862308
-35.19543,1057,1122.671141
1.513472,967,1124.833117
-103.966081,205,1125.703632
-64.367447,314,1126.369625
-57.770576,454,1127.34566
-62.599383,337,1128.126744
-84.743428,355,1128.95649
-103.731444,712,1131.053674
-67.518134,323,1131.772363
-100.972687,177,1132.16723
-59.339767,597,1133.519509
-75.747696,443,1134.484859
-105.028777,431,1146.418808
-123.853952,2000,1151.398984
-114.552618,763,1153.167506
-64.08187,950,1155.337834
6.967871,2000,1160.076129
-50.731016,2000,1165.013573
-87.187082,2000,1169.947983
-41.681722,777,1172.090363
-125.963462,175,1172.492867
-104.330417,2000,1189.967386
7.96892,2000,1194.931484
-106.240215,585,1196.17845
-97.624336,383,1197.021969
-77.275469,2000,1201.785866
-120.003681,2000,1206.787367
-57.933751,2000,1211.815586
216.774898,2000,1216.717734
-61.82349,325,1217.478038
-108.507888,2000,1234.1702
-78.921028,2000,1239.032463
-102.154917,187,1239.443133
-95.485925,572,1241.208888
-81.856899,719,1242.864322
-66.156271,314,1243.574005
0.043757,2000,1248.502344
-123.754488,2000,1253.46732
-28.536048,601,1254.868956
-27.00526,736,1256.925658
-63.82404,2000,1261.842027
100.871327,2000,1279.791772
-103.295593,2000,1284.658262
-123.316846,2000,1289.554973
30.49914,2000,1294.595954
-98.83719,2000,1299.527458
-96.498595,2000,1304.482352
-119.929993,2000,1318.099266
-75.68616,230,1319.037777
-70.539777,2000,1323.865161
-38.786626,800,1325.58853
-48.40917,2000,1330.673896
-68.329816,2000,1335.691528
82.578979,2000,1340.74223
-18.213738,1187,1343.485507
-100.891062,2000,1356.623334
160.42436,2000,1361.553446
178.608071,2000,1366.526231
-60.463397,333,1367.734423
197.630634,2000,1372.688988
-76.579906,313,1373.415808
-75.081622,2000,1378.341332
-92.267833,131,1378.649062
-47.80731,355,1379.464015
-89.105239,692,1380.975097
-106.566837,478,1382.040525
-57.663848,2000,1397.728936
-97.039249,141,1398.48617
-119.999709,2000,1403.509114
-73.992805,2000,1408.089056
17.385719,2000,1412.896811
-76.683037,2000,1417.965271
38.105193,2000,1422.907176
-94.13751,2000,1440.197062
-57.114117,2000,1445.173759
-41.057988,490,1446.669699
-22.923995,910,1448.690902
-98.367006,2000,1453.681678
136.380907,2000,1458.549083
-97.05994,2000,1463.499823
-63.249215,1664,1467.795265
-72.629544,393,1468.674489
-44.402257,515,1478.532052
-117.643359,2000,1483.438957
-94.896233,2000,1488.380335
-54.309564,2000,1493.318012
-26.893678,1281,1496.581058
-111.022569,2000,1501.488
-44.638941,604,1502.851509
-66.275551,273,1503.50378
-22.69104,2000,1508.439773
-82.241572,2000,1526.241083
-80.040633,195,1526.69021
-118.215466,2000,1531.710664
-94.58538,2000,1536.715115
-68.511645,2000,1541.712668
-24.615729,1070,1544.515241
0.563363,2000,1549.410299
0.759377,2000,1563.470035
-58.596008,295,1564.132425
-87.883669,1378,1567.352757
-22.286477,847,1569.660877
-46.701015,2000,1574.641035
-6.995544,2000,1579.640767
-51.234116,543,1580.838415
-103.839297,2000,1585.588906
-117.734867,2000,1590.43413
-107.777765,878,1592.480616
8.812232,2000,1604.875037
-39.532219,561,1606.554028
-48.855941,391,1607.446602
-57.140313,2000,1612.335246
-76.437995,750,1614.032317
210.591187,2000,1618.971543
-72.851631,417,1619.903125
-68.374708,255,1620.899135
-62.309983,617,1622.300977
-97.71621,2000,1627.240067
-26.600975,2000,1638.285443
-95.300378,2000,1643.298717
-89.038885,146,1643.635639
-103.70817,225,1644.154644
-95.42594,2000,1649.181515
85.804206,2000,1654.237311
-118.098295,2000,1659.193398
-58.264041,527,1660.34636
-41.184703,2000,1665.38775
-92.580865,2000,1677.894012
-3.755271,2000,1682.871224
-91.758399,139,1683.191614
-91.801154,2000,1688.117424
-58.817232,283,1688.766255
-91.189223,140,1689.091928
-64.30434,235,1689.630893
-64.176782,2000,1694.580286
-62.672193,2000,1699.458579
-115.431111,2000,1704.514473
-91.973022,583,1706.241595
-33.919827,2000,1720.070334
42.018158,2000,1725.053272
-76.616659,2000,1730.165331
23.369124,973,1732.440568
-117.127281,2000,1737.451958
-31.385748,2000,1742.466226
-2.527346,2000,1754.024302
-41.830497,2000,1759.03864
-27.287797,606,1760.418829
-72.837072,215,1760.913335
-32.480875,796,1763.181671
-90.082049,169,1763.582003
-20.225371,903,1765.709771
-60.647701,862,1768.172276
-118.477362,2000,1773.181942
-91.525448,2000,1778.280357
207.810042,2000,1783.17296
-68.692264,2000,1792.158373
-92.197521,341,1792.882468
-81.940339,303,1793.551651
-56.913787,2000,1798.426382
-71.978096,2000,1803.460279
220.704647,2000,1808.509391
50.847186,2000,1813.535786
-33.745028,479,1814.626848
-50.749655,2000,1819.609531
-67.662317,2000,1836.576856
-56.974396,2000,1841.567893
-4.617192,2000,1846.521503
12.36745,2000,1851.579477
-96.483713,2000,1856.381969
66.406929,1734,1860.682942
-90.079811,2000,1876.522958
-65.773368,516,1877.723536
-41.110116,573,1879.031461
-97.495909,2000,1883.941609
-51.549876,526,1885.620928
-104.155044,229,1886.158619
-72.224798,2000,1891.184729
53.034963,2000,1895.998687
-83.107182,282,1896.624044
-61.614405,320,1897.359895
-91.761725,2000,1902.360241
-112.894915,2000,1916.283534
48.094237,2000,1921.208195
-90.50273,2000,1926.235969
-26.830246,2000,1931.1076
-22.22024,599,1932.471471
-112.770272,2000,1937.519359
-0.31056,2000,1942.367014
-171.578785,1973,1958.485372
-4.906869,2000,1963.54957
-74.522087,2000,1968.537545
-59.481861,406,1969.481046
-48.885428,372,1970.343208
1.88877,926,1972.949874
-88.573184,146,1973.300342
-14.543861,2000,1978.367403
84.256182,2000,1983.192141
-28.309024,582,1984.578837
-93.110975,210,1985.090355
-10.972308,880,1995.862497
-81.323576,516,1997.078871
-8.321461,2000,2002.140235
-109.914248,2000,2007.019828
59.476753,1632,2011.214863
-63.850788,275,2011.827758
-112.698335,2000,2016.773547
-91.627914,310,2017.438031
-102.807951,2000,2022.472557
-33.98855,2000,2038.961725
-56.153807,2000,2043.841299
-88.093292,2000,2048.896563
-64.235621,2000,2053.768726
-91.069469,2000,2058.706232
-66.645837,2000,2063.697238
-59.768533,789,2065.418173
-74.308326,326,2066.147958
-15.534561,2000,2081.841602
-102.54141,2000,2086.795783
-14.768592,2000,2091.884831
-50.719554,645,2093.810677
-140.210348,420,2094.722044
-85.545213,2000,2099.755521
-110.403031,2000,2104.645376
13.526899,1311,2107.61357
-55.370042,2000,2122.869495
175.233466,2000,2127.805235
-120.591895,2000,2132.88078
-88.768967,2000,2138.019205
47.027185,2000,2143.05566
-14.196455,796,2145.312766
-92.281803,2000,2150.236037
-52.449289,2000,2165.922609
-91.626656,2000,2170.945508
-72.541264,347,2171.737597
-98.646514,581,2173.074722
-49.306553,2000,2178.022237
-92.223716,2000,2183.10332
-102.283458,2000,2187.964993
-40.354687,729,2189.551649
-94.165915,2000,2204.53876
-74.329611,611,2206.344937
-91.758256,2000,2210.931769
20.80426,2000,2215.890106
-84.969831,2000,2220.928445
-94.064244,130,2221.677251
-27.814317,2000,2226.185448
-63.1983,457,2227.661661
-101.011778,196,2228.118599
-22.503608,1244,2230.922584
-67.029892,365,2232.298244
-37.728523,2000,2248.024733
-93.958252,138,2248.33992
-44.268603,772,2250.185251
-112.776891,2000,2255.074647
-11.316487,2000,2260.109302
146.547807,2000,2264.927747
-86.379516,2000,2269.890841
-97.386068,2000,2274.854349
-110.85233,913,2289.984364
-41.313224,811,2292.296102
226.631627,2000,2297.323162
7.414151,2000,2302.266088
-69.464915,2000,2307.270825
-93.501706,2000,2312.134066
-31.775036,801,2313.895419
-92.096287,201,2314.349698
-13.132001,2000,2319.375934
-46.421181,2000,2336.983076
-70.918948,2000,2341.910444
-1.940507,1033,2344.746195
-73.367515,2000,2349.638755
-94.266728,2000,2354.483685
-26.24491,833,2356.439367
-20.48037,2000,2361.393965
-81.330245,2000,2372.744607
-17.94717,2000,2377.722589
12.840271,2000,2382.683371
-110.948333,2000,2387.642517
-5.510914,1040,2389.998664
-92.79522,2000,2394.959237
13.718912,1398,2398.49305
-101.61309,192,2398.907982
-104.910748,2000,2413.468527
-46.910102,2000,2418.423079
-6.890779,2000,2423.389845
5.982436,2000,2428.419912
97.596515,2000,2433.40214
216.504771,2000,2438.311984
-120.073593,2000,2456.34708
